peptide_id,sequence,length,tool,pseudo_perplexity,design_length,backbone_design,mpnn_seq_num,mpnn_score,af2_plddt,af2_i_ptm,af2_i_pae,af2_rmsd,scaffold_type
pepmlm_L15_0000,KVVGTVVALLSCCPL,15,PepMLM,24.18319422296192,15.0,,,,,,,,
pepmlm_L15_0001,GCEGVLQARLAALCK,15,PepMLM,15.18481703127204,15.0,,,,,,,,
pepmlm_L15_0002,GVVSTYVLALLACCL,15,PepMLM,27.8999587442704,15.0,,,,,,,,
pepmlm_L15_0003,KVVETVVARLACPCL,15,PepMLM,36.72688778917618,15.0,,,,,,,,
pepmlm_L15_0004,GVISVLVARSAACCL,15,PepMLM,38.61772310797781,15.0,,,,,,,,
pepmlm_L15_0005,KVVSTLVARSLLCCK,15,PepMLM,23.037054179148935,15.0,,,,,,,,
pepmlm_L15_0006,KVIEVVELLLLCCCL,15,PepMLM,50.2844397959187,15.0,,,,,,,,
pepmlm_L15_0007,GVEEEVELLSLCCCR,15,PepMLM,34.59093406492556,15.0,,,,,,,,
pepmlm_L15_0008,KCEEEVEARSLLPCL,15,PepMLM,16.24395705928739,15.0,,,,,,,,
pepmlm_L15_0009,GVVSVYVARLSLLCL,15,PepMLM,33.96523027146252,15.0,,,,,,,,
pepmlm_L15_0010,GVEEVVQLALSLCLR,15,PepMLM,48.93727421735027,15.0,,,,,,,,
pepmlm_L15_0011,GCVEVVQAASLCLCK,15,PepMLM,42.933750146004456,15.0,,,,,,,,
pepmlm_L15_0012,RVVSVVVRRLLLLLL,15,PepMLM,19.803941880194532,15.0,,,,,,,,
pepmlm_L15_0013,RVVSVVVARLSCPCK,15,PepMLM,45.3985302674556,15.0,,,,,,,,
pepmlm_L15_0014,KVVGVVQRRLACCCR,15,PepMLM,34.66773226534552,15.0,,,,,,,,
pepmlm_L15_0015,RVISEYQALLLCPPL,15,PepMLM,29.030283119079716,15.0,,,,,,,,
pepmlm_L15_0016,KCVEELQLRSALLLR,15,PepMLM,15.386945372778465,15.0,,,,,,,,
pepmlm_L15_0017,GVVSVVVARPSACCR,15,PepMLM,23.872915748968985,15.0,,,,,,,,
pepmlm_L15_0018,GVVGVYERRLLLCCL,15,PepMLM,19.29489635811428,15.0,,,,,,,,
pepmlm_L15_0019,GVEEEYVARLSCCCL,15,PepMLM,31.488619894041975,15.0,,,,,,,,
pepmlm_L15_0020,RTVGTVVLAPLCLLR,15,PepMLM,22.97502414063985,15.0,,,,,,,,
pepmlm_L15_0021,GTIEVVVRRLACLCR,15,PepMLM,43.62670710742459,15.0,,,,,,,,
pepmlm_L15_0022,KVVGVLQARSALLCR,15,PepMLM,28.24467945826157,15.0,,,,,,,,
pepmlm_L15_0023,GVVETVVALLAACCR,15,PepMLM,34.88533889507927,15.0,,,,,,,,
pepmlm_L15_0024,GVISTVVAALSAPCK,15,PepMLM,20.738346372391405,15.0,,,,,,,,
pepmlm_L15_0025,GTIEVVEAALAAPLK,15,PepMLM,13.134817385952736,15.0,,,,,,,,
pepmlm_L15_0026,RVVSTVERLSLAPCR,15,PepMLM,21.051752822948743,15.0,,,,,,,,
pepmlm_L15_0027,GVIETVQRLPSCLCL,15,PepMLM,26.493750171467006,15.0,,,,,,,,
pepmlm_L15_0028,GVISVLVRLPSCCCR,15,PepMLM,40.84426029145866,15.0,,,,,,,,
pepmlm_L15_0029,RVVETVEARLAACCL,15,PepMLM,20.185830019353578,15.0,,,,,,,,
pepmlm_L15_0030,RCISVVEALLLCCPL,15,PepMLM,23.86551553855648,15.0,,,,,,,,
pepmlm_L15_0031,RTEGVYVLASSACCR,15,PepMLM,24.69123191378288,15.0,,,,,,,,
pepmlm_L20_0000,GKCRLRTLETTPLLRLRAAQ,20,PepMLM,21.15596927259646,20.0,,,,,,,,
pepmlm_L20_0001,GCVKKRTLDSDTPLCRAILK,20,PepMLM,16.35602814124347,20.0,,,,,,,,
pepmlm_L20_0002,RCEEVKCLEDTPPCRAAALK,20,PepMLM,23.896384103040532,20.0,,,,,,,,
pepmlm_L20_0003,GVCELLCLDDTPGLRLRIKS,20,PepMLM,19.376834940267425,20.0,,,,,,,,
pepmlm_L20_0004,GCVEVLCLDSTPGCLLLIAQ,20,PepMLM,20.78371043849886,20.0,,,,,,,,
pepmlm_L20_0005,GCCEVRTLLTTLLCCARLLK,20,PepMLM,16.50368964349793,20.0,,,,,,,,
pepmlm_L20_0006,GCVKLLTLLSTTLACRLAKK,20,PepMLM,21.398905116087835,20.0,,,,,,,,
pepmlm_L20_0007,KCVEVKRADSLPLLCRLLLK,20,PepMLM,13.072648041333606,20.0,,,,,,,,
pepmlm_L20_0008,GCVKVLTLLTDTLCLRRALQ,20,PepMLM,22.49997135143865,20.0,,,,,,,,
pepmlm_L20_0009,KVVEVRCLEDTTLLLRLLAS,20,PepMLM,13.837592021997072,20.0,,,,,,,,
pepmlm_L20_0010,RCVKLRRLLSTLLCCALIAK,20,PepMLM,17.59400171442566,20.0,,,,,,,,
pepmlm_L20_0011,RCEEVRCLEDDLLCCARLKS,20,PepMLM,11.67190528183616,20.0,,,,,,,,
pepmlm_L20_0012,GCVKVLRLDDLPLALLRLLK,20,PepMLM,14.010749839618056,20.0,,,,,,,,
pepmlm_L20_0013,RCERVRRLDDLLLCRAAIAK,20,PepMLM,10.99161008888191,20.0,,,,,,,,
pepmlm_L20_0014,GCCKVRRLESLLLCCRRAAQ,20,PepMLM,17.086239260696395,20.0,,,,,,,,
pepmlm_L20_0015,RCVKVRTLESDLPACLLAKK,20,PepMLM,15.296693925222462,20.0,,,,,,,,
pepmlm_L20_0016,RKCRLLCAETTLLCLAAIAK,20,PepMLM,15.462494116330271,20.0,,,,,,,,
pepmlm_L20_0017,GCCELRTLLDDPPARLLLLS,20,PepMLM,20.773264915218935,20.0,,,,,,,,
pepmlm_L20_0018,GCVEVLCRDDTPLALAALAS,20,PepMLM,10.22240298306129,20.0,,,,,,,,
pepmlm_L20_0019,GCEKVLRADDTLGLLRLLKQ,20,PepMLM,17.97913550071276,20.0,,,,,,,,
pepmlm_L20_0020,KCEELRTREDTTLCCRAAKK,20,PepMLM,12.330318692780642,20.0,,,,,,,,
pepmlm_L20_0021,KCVRLRRAESTTLCRLAILQ,20,PepMLM,18.123219948455215,20.0,,,,,,,,
pepmlm_L20_0022,GCVKKRRAEDTPLCCLALKK,20,PepMLM,14.373023807643042,20.0,,,,,,,,
pepmlm_L20_0023,RVEEVRCADSLTPLLLLAKK,20,PepMLM,17.88738565195771,20.0,,,,,,,,
pepmlm_L20_0024,GCEKKRRADDDTGCRAALAK,20,PepMLM,22.61374281855374,20.0,,,,,,,,
pepmlm_L20_0025,KVEEKRCLDDTPGCLRAAAK,20,PepMLM,22.817230441390844,20.0,,,,,,,,
pepmlm_L20_0026,GCCKKRTADSTLGALRLIKQ,20,PepMLM,18.235362172238073,20.0,,,,,,,,
pepmlm_L20_0027,KVCELKRLESTPLARAAALK,20,PepMLM,11.03629427803006,20.0,,,,,,,,
pepmlm_L20_0028,GCCKLKRLDDLLLACARAAS,20,PepMLM,17.587648674275307,20.0,,,,,,,,
pepmlm_L20_0029,RCCEVKCLDDLLLCCLRIAQ,20,PepMLM,16.70667565970667,20.0,,,,,,,,
pepmlm_L20_0030,KCVRVKTLDTDPLCCRLIKQ,20,PepMLM,17.69766707102245,20.0,,,,,,,,
pepmlm_L20_0031,GCEKLLCLEDLTPCRLAILK,20,PepMLM,20.17721647413672,20.0,,,,,,,,
pepmlm_L25_0000,GCRRKCMARRSSLLLLALLAALLSS,25,PepMLM,19.37675023646624,25.0,,,,,,,,
pepmlm_L25_0001,GTREKMMNRSTSLPLLLALAQAKGK,25,PepMLM,10.046132945845129,25.0,,,,,,,,
pepmlm_L25_0002,GTEECLMARRTSPLLACACQLLKSS,25,PepMLM,19.906623072033938,25.0,,,,,,,,
pepmlm_L25_0003,RSREVMKNRRTRLDLACLAAAAKKS,25,PepMLM,20.288071393847876,25.0,,,,,,,,
pepmlm_L25_0004,GSRRVMMARRTDLLTLLCAAAAAGG,25,PepMLM,10.908612043040796,25.0,,,,,,,,
pepmlm_L25_0005,GTRECMQNNRSRLLDACCAAQLAKS,25,PepMLM,12.906834897585894,25.0,,,,,,,,
pepmlm_L25_0006,GTRRVLMNRRSDLLDCCCCQQAKSG,25,PepMLM,20.67936539090509,25.0,,,,,,,,
pepmlm_L25_0007,GCCGVMMERRTSLLLCLLAAAQLKS,25,PepMLM,19.83414736173767,25.0,,,,,,,,
pepmlm_L25_0008,DTRGVMQENRRSLDTLAALQQALKK,25,PepMLM,16.963662088834315,25.0,,,,,,,,
pepmlm_L25_0009,GSCRVCMERLSSLLDLCCARQAAGK,25,PepMLM,16.401264048274548,25.0,,,,,,,,
pepmlm_L25_0010,RCCEKMKNKSRRLPDACCAAAAAKK,25,PepMLM,17.840035902940983,25.0,,,,,,,,
pepmlm_L25_0011,RTREVLMEKRSDLLTLCLCQAALKS,25,PepMLM,19.194518316580883,25.0,,,,,,,,
pepmlm_L25_0012,GCERKLKANLRSLLTCAAARQALSK,25,PepMLM,20.9430861791037,25.0,,,,,,,,
pepmlm_L25_0013,GCREVCQARSTRLLTCALLQALKSS,25,PepMLM,12.681222625770344,25.0,,,,,,,,
pepmlm_L25_0014,GCRGVMMNNLSSLDTCCCARLQLGS,25,PepMLM,16.320314251444092,25.0,,,,,,,,
pepmlm_L25_0015,GCERKMMERRTDLLLLLLCAQAAKK,25,PepMLM,14.309152463546011,25.0,,,,,,,,
pepmlm_L25_0016,GTCGKCQNRSRDPPLCLAARQQLKS,25,PepMLM,43.28862941222086,25.0,,,,,,,,
pepmlm_L25_0017,GTRRCMMERLTSLPDACCCRAQLKK,25,PepMLM,22.63629698883724,25.0,,,,,,,,
pepmlm_L25_0018,DCRGCCQERSTRDLLLALARQALSG,25,PepMLM,19.229486609855233,25.0,,,,,,,,
pepmlm_L25_0019,RTREVMQAKSSDDLDLCLARLLLKS,25,PepMLM,16.945948190343444,25.0,,,,,,,,
pepmlm_L25_0020,GCCGVMKENRRSDLLACLCAAQAGK,25,PepMLM,17.918085159074042,25.0,,,,,,,,
pepmlm_L25_0021,RTREVMQENRRSDLDLACCQLLAGS,25,PepMLM,23.273443160584783,25.0,,,,,,,,
pepmlm_L25_0022,GCCGVMQARRRDPPTLCLAQLQLSK,25,PepMLM,21.452250706453206,25.0,,,,,,,,
pepmlm_L25_0023,GTEEVMQARSTDLLTCCCAQQLLSS,25,PepMLM,15.245057606887372,25.0,,,,,,,,
pepmlm_L25_0024,GTCGCMKNRLTSDLTCAALQQAASG,25,PepMLM,15.835886080311084,25.0,,,,,,,,
pepmlm_L25_0025,RSEEVLQNRSSRLPDCCAAQLQLSS,25,PepMLM,20.677249444432725,25.0,,,,,,,,
pepmlm_L25_0026,GSEECCMNNSTRPLTACAAAQQAKK,25,PepMLM,19.575442303447403,25.0,,,,,,,,
pepmlm_L25_0027,GCCEVMKENRTRLLDLCCCALLKGK,25,PepMLM,16.175921084050476,25.0,,,,,,,,
pepmlm_L25_0028,GCREVMMERSSSLLDAALAAQAAGS,25,PepMLM,10.499394329486304,25.0,,,,,,,,
pepmlm_L25_0029,GSCGKMMNRLSRLPDCCALAAQLKK,25,PepMLM,21.70120610360683,25.0,,,,,,,,
pepmlm_L25_0030,GCEEKMKNKRSSLLTACCCAQLLKS,25,PepMLM,16.27361567265782,25.0,,,,,,,,
pepmlm_L25_0031,RCREVMQNKLTSPLTALLAQLAKSG,25,PepMLM,16.033304924310645,25.0,,,,,,,,
rfdiff_d0_n0,MEEQLEELEEALKELEERR,19,RFdiffusion,,,0.0,0.0,1.51203956493052,0.8724479079246521,0.0375485531985759,27.024094700813293,24.12259864807129,
rfdiff_d0_n1,MEEQLKELEEALKKYEEEK,19,RFdiffusion,,,0.0,1.0,1.4987856016301653,0.8868622183799744,0.0404622443020343,26.456401228904724,32.127384185791016,
rfdiff_d0_n2,SLEQLLELLEQLLAHLASR,19,RFdiffusion,,,0.0,2.0,1.6066776199731203,0.8786929845809937,0.0566737577319145,25.800540804862976,33.06960678100586,
rfdiff_d0_n3,SLLQLLELLLQLALYLARR,19,RFdiffusion,,,0.0,3.0,1.6374760441882896,0.9166038036346436,0.0403792858123779,27.18776047229767,33.36418914794922,
rfdiff_d0_n4,MSEQLAQLAEQLAALAAAR,19,RFdiffusion,,,0.0,4.0,1.5378233758775688,0.7924371361732483,0.0517670586705207,25.40469121932983,32.69487380981445,
rfdiff_d0_n5,MAEQLAELAEQLAALAEAR,19,RFdiffusion,,,0.0,5.0,1.5433514698275408,0.800221860408783,0.0493490546941757,25.618037283420563,29.3632755279541,
rfdiff_d0_n6,MAEQLAELAAQLALLAALR,19,RFdiffusion,,,0.0,6.0,1.5623059562566677,0.7573020458221436,0.0421909913420677,26.57193511724472,31.997304916381836,
rfdiff_d0_n7,MAEQLAELAAALAALAARR,19,RFdiffusion,,,0.0,7.0,1.4959756363348489,0.6939301490783691,0.0589152872562408,24.4647216796875,25.198915481567383,
rfdiff_d1_n0,SPSLLELAKALLKASETVL,19,RFdiffusion,,,1.0,0.0,1.647274803875726,0.6949688792228699,0.1378495544195175,18.72994887828827,15.424123764038086,
rfdiff_d1_n1,GPLLEQLAQAALAASATVL,19,RFdiffusion,,,1.0,1.0,1.603805062742378,0.6298525929450989,0.0778615027666091,24.017037332057953,26.75872039794922,
rfdiff_d1_n2,GPELLKKLQEALKKSSTVL,19,RFdiffusion,,,1.0,2.0,1.6135351837600334,0.6387420296669006,0.1205149292945861,20.1896333694458,11.527791976928713,
rfdiff_d1_n3,GPALLAALVAALLAAEKVL,19,RFdiffusion,,,1.0,3.0,1.5311003711447086,0.623581051826477,0.0495643503963947,26.47414880990982,39.60245513916016,
rfdiff_d1_n4,GPLLAALAALLLKLAEKKL,19,RFdiffusion,,,1.0,4.0,1.5277146367452394,0.7025323510169983,0.0357159450650215,27.727488338947296,45.27683639526367,
rfdiff_d1_n5,SPLSLLEALLSLLLSETVL,19,RFdiffusion,,,1.0,5.0,1.62163274296941,0.7283616065979004,0.080060988664627,25.183689951896667,24.42736053466797,
rfdiff_d1_n6,GPLLLLLATLALLLAETVL,19,RFdiffusion,,,1.0,6.0,1.50662523507203,0.8129191398620605,0.0307634156197309,28.25161385536194,45.81238555908203,
rfdiff_d1_n7,GPALLAAAAAALLASSTVL,19,RFdiffusion,,,1.0,7.0,1.45367870285672,0.5412924289703369,0.0590731352567672,25.410337924957275,38.317169189453125,
rfdiff_d2_n0,SAAEALQAAVQALLAARNA,19,RFdiffusion,,,2.0,0.0,1.475997940497551,0.8613169193267822,0.0632091984152793,23.16695499420166,31.127277374267575,
rfdiff_d2_n1,SPLELLELLTQLLLLLQNL,19,RFdiffusion,,,2.0,1.0,1.5256307838591827,0.9043047428131104,0.0440924763679504,26.709141194820404,42.24272537231445,
rfdiff_d2_n2,SLEELLQQLVQQLLLLRQA,19,RFdiffusion,,,2.0,2.0,1.5745014516486695,0.8948376178741455,0.0594332739710807,25.84800010919571,32.84988021850586,
rfdiff_d2_n3,SAEELLKAAVQALLALKNA,19,RFdiffusion,,,2.0,3.0,1.490010349374124,0.8738453388214111,0.0592705495655536,24.732511520385746,37.9193229675293,
rfdiff_d2_n4,SPLEKLKELVEELLKLKQA,19,RFdiffusion,,,2.0,4.0,1.615363965627353,0.8338449001312256,0.0460049286484718,26.470340609550476,36.949127197265625,
rfdiff_d2_n5,GPEELLKAAVQALLDLRNA,19,RFdiffusion,,,2.0,5.0,1.5096580911520951,0.887786328792572,0.0624562725424766,23.451788425445557,21.714887619018555,
rfdiff_d2_n6,GPEELLRLLTQLLLLLKQA,19,RFdiffusion,,,2.0,6.0,1.5265729325190454,0.8757115602493286,0.0383651852607727,27.02785301208496,37.94595718383789,
rfdiff_d2_n7,SLEDLLKLLVQLLLELRNA,19,RFdiffusion,,,2.0,7.0,1.527732591860197,0.9076177477836608,0.0632970780134201,24.50667840242386,37.988426208496094,
rfdiff_d3_n0,PPFEEVLAAARKLLELLSK,19,RFdiffusion,,,3.0,0.0,1.5364883330063444,0.8822818994522095,0.0531759485602378,24.601585924625397,14.071538925170898,
rfdiff_d3_n1,LPFEEQLLLAKLQALLLSA,19,RFdiffusion,,,3.0,1.0,1.5203569084246735,0.8203422427177429,0.0495746582746505,26.664359271526337,28.692995071411133,
rfdiff_d3_n2,LPFEERLLLATLQHLLLSS,19,RFdiffusion,,,3.0,2.0,1.550330547094024,0.8481046557426453,0.0532599762082099,26.17219603061676,31.90472984313965,
rfdiff_d3_n3,LPFEERLALAKKLHELLSQ,19,RFdiffusion,,,3.0,3.0,1.4969945322489926,0.8811074495315552,0.0625778883695602,23.472612500190735,16.12453842163086,
rfdiff_d3_n4,LPFEEQLALAKKLAEELAA,19,RFdiffusion,,,3.0,4.0,1.4579881516111215,0.8675900101661682,0.0507457442581653,25.821900725364685,28.259124755859375,
rfdiff_d3_n5,KPFEERLKEAQELLEKLRE,19,RFdiffusion,,,3.0,5.0,1.485882450877711,0.9060629606246948,0.0386944748461246,26.254141628742214,18.13912773132324,
rfdiff_d3_n6,PPFEELLKAAQELLEKLRA,19,RFdiffusion,,,3.0,6.0,1.539988890264011,0.8829271793365479,0.0414199158549308,25.544197738170624,15.473681449890137,
rfdiff_d3_n7,PPFEEQLAAARAQLAALRA,19,RFdiffusion,,,3.0,7.0,1.3865695776668732,0.860466480255127,0.0473628863692283,25.902177810668945,27.80692481994629,
rfdiff_d4_n0,PRELLEQLLAELQKLAELA,19,RFdiffusion,,,4.0,0.0,1.6618992050107515,0.8902887105941772,0.0553582683205604,25.741198658943176,27.995738983154297,
rfdiff_d4_n1,PEALKEALLAQLLLQRALE,19,RFdiffusion,,,4.0,1.0,1.6868284837728962,0.8830190896987915,0.0525156818330287,26.427049815654755,38.45426559448242,
rfdiff_d4_n2,PLEKLLQLLAELLEKRLLE,19,RFdiffusion,,,4.0,2.0,1.549650847096229,0.8402097225189209,0.0516724474728107,25.949189960956573,36.25333023071289,
rfdiff_d4_n3,PLLKFLELLAKLLLEALLS,19,RFdiffusion,,,4.0,3.0,1.644548490562221,0.9044201970100404,0.0394046008586883,26.75515925884247,43.09762191772461,
rfdiff_d4_n4,PLAQLEALLAALAEEAELA,19,RFdiffusion,,,4.0,4.0,1.559817332149512,0.7978376746177673,0.069799855351448,23.784110724925995,25.4525146484375,
rfdiff_d4_n5,PREKLEKLLAELLKKRLEE,19,RFdiffusion,,,4.0,5.0,1.5932197436931952,0.9108582139015198,0.0472316518425941,25.689988434314728,23.400291442871097,
rfdiff_d4_n6,PLEKLKELLEKLELERELA,19,RFdiffusion,,,4.0,6.0,1.608637407359686,0.8837047815322876,0.055871345102787,25.55214673280716,38.18660354614258,
rfdiff_d4_n7,PLEKLLELLKELLEEAEEL,19,RFdiffusion,,,4.0,7.0,1.587284815103436,0.8893808126449585,0.0498017407953739,25.103860020637512,20.870006561279297,
rfdiff_d5_n0,SALYAAHKALVEALRAAIA,19,RFdiffusion,,,5.0,0.0,1.503176129955395,0.869962751865387,0.0627674460411071,24.241325736045837,30.80280876159668,
rfdiff_d5_n1,DELYKEHLKLIEELSKLIS,19,RFdiffusion,,,5.0,1.0,1.5191120199314396,0.8661679029464722,0.0520171150565147,24.504442632198337,22.460147857666016,
rfdiff_d5_n2,DELYAAHKALVEKLKALVA,19,RFdiffusion,,,5.0,2.0,1.5081504512679398,0.8577379584312439,0.0528437718749046,25.39807629585266,26.436973571777344,
rfdiff_d5_n3,DELYKKHLEKVEELKKLIE,19,RFdiffusion,,,5.0,3.0,1.4940957717184402,0.918360948562622,0.0427044071257114,25.587978184223175,32.03348922729492,
rfdiff_d5_n4,SLLYSLHKALISLLSALIA,19,RFdiffusion,,,5.0,4.0,1.6542107956110472,0.7818238735198975,0.0451176986098289,26.36414521932602,38.31498336791992,
rfdiff_d5_n5,SSLYEEHLKLIEEMKAAIE,19,RFdiffusion,,,5.0,5.0,1.5563941166240305,0.8680656552314758,0.0509900860488414,25.499491572380062,26.298664093017575,
rfdiff_d5_n6,SSLYLEHLKKVEELKKLIE,19,RFdiffusion,,,5.0,6.0,1.508592137370926,0.8802109956741333,0.056705892086029,25.435714840888977,28.10735321044922,
rfdiff_d5_n7,SELYEKHKALIEKLKALIA,19,RFdiffusion,,,5.0,7.0,1.5430598517503158,0.889489471912384,0.0479391664266586,25.654448926448826,34.23664474487305,
rfdiff_d6_n0,NPLLLYILLTELLRLLREL,19,RFdiffusion,,,6.0,0.0,1.5893154010438828,0.9308072328567504,0.0530976541340351,25.19629156589508,27.448192596435547,
rfdiff_d6_n1,DELLAFIEETELERLRRLL,19,RFdiffusion,,,6.0,1.0,1.6496892939217092,0.6062288880348206,0.0603066459298133,24.903533160686493,23.261991500854492,
rfdiff_d6_n2,DELLAYIEEVEKKKKLYLE,19,RFdiffusion,,,6.0,2.0,1.6530648022032466,0.8236159086227417,0.0593012608587741,23.973515570163727,28.059295654296875,
rfdiff_d6_n3,SPLLLEILLTQLKKLLHLL,19,RFdiffusion,,,6.0,3.0,1.626881404070649,0.8602219223976135,0.0384111925959587,27.619951486587524,35.685279846191406,
rfdiff_d6_n4,SSLLSYILETEKKRLEYLK,19,RFdiffusion,,,6.0,4.0,1.5854721657037794,0.8474487066268921,0.0797492861747741,22.200579345226288,18.064245223999023,
rfdiff_d6_n5,DELLEFIEETEKLRELLEK,19,RFdiffusion,,,6.0,5.0,1.5796781268087623,0.89101243019104,0.0447984114289283,25.88792061805725,28.855304718017575,
rfdiff_d6_n6,SELLKFIEETEKLRLERLK,19,RFdiffusion,,,6.0,6.0,1.580737662110819,0.8943063020706177,0.0798947736620903,22.81372177600861,21.97625732421875,
rfdiff_d6_n7,SELLEYIKEVELLKKLKEL,19,RFdiffusion,,,6.0,7.0,1.6474056266596793,0.917144775390625,0.0541931129992008,25.23665738105774,28.831035614013672,
rfdiff_d7_n0,SLKALAEVLKLLQELLEKE,19,RFdiffusion,,,7.0,0.0,1.8035622762925136,0.888319730758667,0.0678929463028907,25.02549350261688,48.87519073486328,
rfdiff_d7_n1,SLRELEELLKLLSELLSQL,19,RFdiffusion,,,7.0,1.0,1.8423352231819612,0.8930990695953369,0.0696937888860702,24.41530930995941,40.06318664550781,
rfdiff_d7_n2,SLKELEELLKKLRELKELE,19,RFdiffusion,,,7.0,2.0,1.7371852702484276,0.9150457382202148,0.0444716587662696,26.14744734764099,45.55357360839844,
rfdiff_d7_n3,SLAALEELEELLEELERLE,19,RFdiffusion,,,7.0,3.0,1.7927698891389467,0.7811426520347595,0.0442727170884609,26.957156479358673,42.031105041503906,
rfdiff_d7_n4,SLAALLEALKKLQELLELE,19,RFdiffusion,,,7.0,4.0,1.9182473975676344,0.8883258700370789,0.0532641559839248,26.12726259231567,49.404911041259766,
rfdiff_d7_n5,SAAAAAELAALLATLEALA,19,RFdiffusion,,,7.0,5.0,1.7729853821507957,0.7533740997314453,0.0624495446681976,24.173605918884277,45.70734786987305,
rfdiff_d7_n6,SLADLLELLEELERLLEEE,19,RFdiffusion,,,7.0,6.0,1.8215760798654752,0.8191840052604675,0.0529889650642871,25.401867866516113,38.48981857299805,
rfdiff_d7_n7,SAAAAATLAALLAALLSSL,19,RFdiffusion,,,7.0,7.0,1.83772422041291,0.6592873334884644,0.0663328468799591,24.91087055206299,54.1519660949707,
rfpep_d0_n0,PEGKEYEPIYGKLG,14,RFpeptides,,,0.0,0.0,1.0707053577063996,0.4807466268539428,0.0572476759552955,26.466925978660583,13.773146629333496,macrocyclic
rfpep_d0_n1,PEGKEYEPIYGKLG,14,RFpeptides,,,0.0,1.0,1.052366228288592,0.4807466268539428,0.0572476759552955,26.466925978660583,13.773146629333496,macrocyclic
rfpep_d0_n2,PYGSEYEPIYGELG,14,RFpeptides,,,0.0,2.0,1.09724556576317,0.4895673990249634,0.0624835714697837,26.353816330432892,12.993773460388184,macrocyclic
rfpep_d0_n3,PEGSEYEPIYGELG,14,RFpeptides,,,0.0,3.0,1.1465501989962408,0.5456514954566956,0.0637598484754562,26.548187911510468,12.826822280883787,macrocyclic
rfpep_d0_n4,PEGKEFEPIYGKLG,14,RFpeptides,,,0.0,4.0,1.0668368182906698,0.5003263354301453,0.0550523847341537,26.80164110660553,19.643442153930664,macrocyclic
rfpep_d0_n5,PEGKEYEPIYGELG,14,RFpeptides,,,0.0,5.0,1.0704194991521043,0.541049599647522,0.0640241354703903,26.483540892601013,11.714191436767578,macrocyclic
rfpep_d0_n6,PYGKEYEPVYGELG,14,RFpeptides,,,0.0,6.0,1.074313371606214,0.5079947113990784,0.0576584488153457,26.644514501094815,13.444215774536133,macrocyclic
rfpep_d0_n7,PEGKEYEPIYGELG,14,RFpeptides,,,0.0,7.0,1.0598755726736886,0.541049599647522,0.0640241354703903,26.483540892601013,11.714191436767578,macrocyclic
