peptide_id,source_tool,iptm,ptm,ranking_score,pae_interface_mean,plddt_mean_B,n_confident_contacts,n_high_contacts,has_clash,fraction_disordered,rosetta_dG,rosetta_dSASA,rosetta_packstat,rosetta_nres_interface,rosetta_unsat_hbonds,rosetta_dG_per_dSASA,foldx_dG,foldx_vdw,foldx_sc_hbond,foldx_elec,foldx_interface_res,contact_recap,contact_total,length,molecular_weight,net_charge_7_4,gravy,isoelectric_point,instability_index,n_cysteines,fraction_charged,sequence,rank_iptm,rank_rosetta,rank_foldx,composite_rank,rank_contact
bindcraft_bmpr1a_l26_s635301,BindCraft,0.81,0.83,0.92,4.6069767441860465,88.1788986784141,44,26,0.0,0.22,-49.1846344761768,1689.571893241511,0.6321852029249054,60,12,-0.0291107082645735,-22.2788,-17.027,-4.79027,-2.39499,42.0,0.1666666666666666,24.0,26,3225.6,0.99,-1.177,9.53,32.3,0,0.423,SIDEGIQGFMDWYKKNREEIQKLLKR,2.0,13.0,3.0,59.0,218.0
bindcraft_bmpr1a_l24_s795388,BindCraft,0.77,0.8,0.83,5.639874031007753,83.35424528301886,17,11,0.0,0.1,-41.04818509417197,1768.3618113845569,0.5814600949387855,57,14,-0.023212548942138,-24.7337,-16.0975,-5.86806,-5.29252,37.0,0.1333333333333333,22.0,24,3028.6,6.99,-1.308,11.16,20.28,0,0.375,NPRGWLGGMMREYRKWYKKIKAKM,6.0,37.0,1.0,74.25,253.0
random_0045,random_control,0.66,0.77,0.87,7.408558139534883,61.63326829268293,0,0,0.0,0.38,-58.83376211906183,2437.714584220682,0.5643331619966501,76,10,-0.0241348033522433,-20.5661,-21.7662,-1.69693,-3.10705,53.0,0.2666666666666666,30.0,25,3005.4,-1.5,-0.064,6.0,101.49,4,0.28,DNIEWMFCNVMGRSGFDRCLHCHCM,40.0,4.0,7.0,33.0,81.0
random_0020,random_control,0.83,0.82,0.97,4.6537209302325575,85.56471544715447,43,28,0.0,0.29,-40.32155987637154,1798.7763843509438,0.669256873116954,55,14,-0.02241610476275,-16.7989,-19.5057,-6.85172,-1.11539,38.0,0.2333333333333333,28.0,15,1761.0,-1.15,-0.12,3.97,82.66,1,0.2,FANIWMAGKCFQTED,1.0,39.0,20.0,46.25,125.0
rfdiff_d2_n3,RFdiffusion,0.75,0.81,0.85,5.6552019583843345,82.52868613138685,39,21,0.0,0.18,-43.6706909399976,1483.7808115135413,0.6397631651604402,59,11,-0.029432036457899,-15.9733,-14.8812,-2.21226,-1.23876,38.0,0.2666666666666666,25.0,19,1953.3,-0.01,0.6,7.07,17.69,0,0.211,SAEELLKAAVQALLALKNA,10.0,26.0,26.0,35.75,81.0
pepmlm_L25_0013,PepMLM,0.68,0.77,0.76,7.522558139534883,67.74005376344086,24,10,0.0,0.14,-45.78251162153376,1640.6209384775443,0.5684235424000935,63,11,-0.027905599976079,-19.2387,-15.4757,-14.6518,-3.85727,39.0,0.1666666666666666,25.0,25,2708.2,2.57,0.16,9.17,41.51,3,0.2,GCREVCQARSTRLLTCALLQALKSS,32.0,21.0,11.0,70.5,218.0
rfdiff_d2_n5,RFdiffusion,0.79,0.81,0.89,5.25764993880049,84.0380985915493,37,17,0.0,0.19,-39.67690239659609,1594.5767015919616,0.6163993941613981,59,7,-0.0248824044381084,-18.0254,-16.8748,-3.02287,-3.68916,37.0,0.3333333333333333,29.0,19,2021.3,-1.0,0.132,4.39,47.94,0,0.263,GPEELLKAAVQALLDLRNA,3.0,43.0,16.0,20.5,20.0
pepmlm_L15_0026,PepMLM,0.66,0.8,0.76,7.599418604651163,67.00692307692309,1,0,0.0,0.15,-45.907879349331495,1567.392593444676,0.577827722216384,51,10,-0.0292893302809599,-19.356,-14.2967,-5.54296,-3.29003,35.0,0.3666666666666666,25.0,15,1686.0,1.85,0.24,10.84,17.15,1,0.267,RVVSTVERLSLAPCR,40.0,18.0,10.0,19.75,11.0
pepmlm_L25_0026,PepMLM,0.74,0.8,0.86,6.544906976744186,73.71202247191012,50,17,0.0,0.23,-53.07851876694693,1932.778164406862,0.6512438591154274,60,14,-0.0274622922301255,-14.2468,-18.5251,-9.64318,-2.03496,43.0,0.2666666666666666,27.0,25,2612.9,0.57,-0.644,7.87,93.94,3,0.2,GSEECCMNNSTRPLTACAAAQQAKK,12.5,10.0,47.0,37.625,81.0
rfdiff_d3_n6,RFdiffusion,0.65,0.76,0.77,7.909210526315789,79.80806451612904,27,8,0.0,0.18,-39.2303828879389,1659.7504684821597,0.7013975252903574,58,7,-0.0236363137910815,-24.0927,-17.071,-6.48223,-3.2497,42.0,0.3333333333333333,28.0,19,2195.6,-1.0,-0.305,4.73,58.24,0,0.368,PPFEELLKAAQELLEKLRA,46.0,45.0,2.0,28.25,20.0
scrambled_PepMLM_0016,scrambled_control,0.72,0.79,0.82,6.377713178294574,68.8099107142857,24,0,0.0,0.16,-52.798794983248776,1742.448140035326,0.5705225139426914,54,12,-0.0303015015311608,-12.188,-17.814,-6.19223,-2.97338,42.0,0.2666666666666666,24.0,15,1633.0,-0.29,0.927,6.21,73.2,2,0.267,AVLVRATRCLVEECA,17.0,11.0,75.0,46.0,81.0
pepmlm_L20_0021,PepMLM,0.62,0.79,0.75,7.652645348837209,55.12453416149068,0,0,0.0,0.19,-55.08232619724399,2094.4956643861856,0.564798215373478,60,20,-0.0262986107509496,-14.5803,-19.3249,-2.09258,-2.64565,43.0,0.2666666666666666,25.0,20,2330.8,3.71,0.07,11.21,79.56,2,0.3,KCVRLRRAESTTLCRLAILQ,70.5,7.0,39.0,49.375,81.0
rfdiff_d1_n2,RFdiffusion,0.61,0.77,0.74,8.926652386780907,75.57458904109589,49,16,0.0,0.18,-54.24835097623313,1674.8596752184098,0.5726468138807258,65,15,-0.0323897886962732,-15.4347,-17.7133,-4.87079,-0.470597,40.0,0.2,30.0,19,2082.5,1.99,-0.284,10.18,42.65,0,0.316,GPELLKKLQEALKKSSTVL,79.5,8.0,29.0,72.125,172.0
bindcraft_bmpr1a_l15_s853494,BindCraft,0.74,0.8,0.82,5.102403100775193,81.06443661971831,10,1,0.0,0.15,-32.73153185617301,1385.6170017565623,0.5710102800398891,40,12,-0.0236223514973321,-17.1382,-14.3016,-3.7294,-6.01488,35.0,0.2333333333333333,24.0,15,2003.3,-0.15,-1.6,6.15,34.28,1,0.4,DPKWDQWLRNWLKDC,12.5,87.0,18.0,60.625,125.0
rfdiff_d7_n0,RFdiffusion,0.72,0.77,0.9,5.03017135862913,77.26842105263158,1,0,0.0,0.34,-31.887899337076306,1688.2229011130778,0.4934191346147195,49,2,-0.018888441399564,-18.4082,-13.6136,-1.23945,-0.758709,31.0,0.2,20.0,19,2167.6,-1.0,0.232,4.73,23.36,0,0.368,SLKALAEVLKLLQELLEKE,17.0,95.0,14.0,74.5,172.0
bindcraft_bmpr1a_l19_s663759,BindCraft,0.64,0.77,0.79,6.8284577723378215,66.18343023255815,0,0,0.0,0.24,-38.95663251944444,1830.91873243556,0.5932663316254114,58,8,-0.0212770953889486,-14.879,-21.3851,-2.45813,-1.63263,44.0,0.3333333333333333,29.0,19,2533.2,0.89,0.353,8.94,35.61,1,0.211,MSVMNMLMRLMCRFEHWMW,53.5,46.0,34.0,38.375,20.0
bindcraft_bmpr1a_l18_s461196,BindCraft,0.62,0.78,0.74,7.325710594315246,74.26520710059171,18,1,0.0,0.17,-37.29260140938794,1479.652758766725,0.645667473700551,57,13,-0.0252036169894826,-17.6859,-16.4315,-12.9315,-7.65068,38.0,0.1666666666666666,28.0,18,2373.5,-1.96,-1.717,4.65,103.24,0,0.5,SIEEERNRFHNDLWDAWR,70.5,53.0,17.0,89.625,218.0
bindcraft_bmpr1a_l26_s84928,BindCraft,0.59,0.77,0.64,8.119096601073345,69.60073059360731,11,0,0.0,0.03,-45.906059905543174,1807.9861377478676,0.6846859663541216,65,6,-0.0253907145343085,-14.7521,-16.802,-2.19779,-0.836252,39.0,0.2666666666666666,28.0,26,3232.7,-3.14,-0.308,3.83,102.54,1,0.269,DSEMSEWMGRWMRIGMTEFLCMMQDM,92.0,19.0,35.0,56.75,81.0
pepmlm_L25_0020,PepMLM,0.64,0.75,0.88,7.191837209302326,57.96892045454546,0,0,0.0,0.43,-56.46312644086286,2521.7689273509895,0.5177590081240223,69,27,-0.0223902855763136,-11.5985,-23.3379,-4.23503,-1.24417,49.0,0.2666666666666666,30.0,25,2598.0,1.42,0.076,8.16,71.97,4,0.24,GCCGVMKENRRSDLLACLCAAQAGK,53.5,6.0,89.0,57.375,81.0
pepmlm_L15_0015,PepMLM,0.69,0.8,0.78,6.415193798449612,71.4125,14,0,0.0,0.15,-38.00250886422376,1631.066548488012,0.6089158872026385,58,12,-0.0232991773998748,-12.4347,-14.024,-5.98983,-4.2668,40.0,0.3333333333333333,30.0,15,1715.1,-0.15,0.76,6.21,47.85,1,0.133,RVISEYQALLLCPPL,28.0,51.0,68.0,41.75,20.0
pepmlm_L15_0012,PepMLM,0.69,0.82,0.79,7.477093023255814,67.39430894308943,0,0,0.0,0.15,-39.49781763051692,1419.3902863354876,0.6055318813149464,48,12,-0.0278273129038317,-11.8625,-11.9911,-2.50072,-0.592733,34.0,0.3,25.0,15,1748.3,2.99,1.967,12.78,47.52,0,0.2,RVVSVVVRRLLLLLL,28.0,44.0,84.0,49.625,42.5
scrambled_PepMLM_0017,scrambled_control,0.56,0.71,0.74,9.327790697674418,67.67467741935485,4,0,0.0,0.31,-42.42638131471381,2080.2941452162554,0.6358907557348562,57,15,-0.0203944146130851,-21.8711,-17.7691,-5.44586,-0.837937,37.0,0.1666666666666666,28.0,25,2703.3,4.71,0.76,12.02,29.32,2,0.2,RCSRMLLALLSGCAASLRKLRASLL,127.5,33.0,4.0,95.625,218.0
pepmlm_L20_0024,PepMLM,0.65,0.75,0.77,7.297674418604651,57.56912751677852,6,0,0.0,0.19,-43.879577168162314,2365.5549391953955,0.6083935435548007,80,33,-0.0185493798690159,-11.5631,-22.2828,-1.28727,-1.70496,49.0,0.3333333333333333,34.0,20,2164.3,1.71,-1.235,9.01,42.68,2,0.5,GCEKKRRADDDTGCRAALAK,46.0,25.0,92.0,45.75,20.0
pepmlm_L25_0023,PepMLM,0.61,0.74,0.75,8.345883720930233,53.17743169398908,1,0,0.0,0.23,-36.57548008501817,1697.2630860768973,0.5769885444320461,62,17,-0.0215496821824834,-16.3446,-18.5843,-6.39794,-0.89465,42.0,0.1333333333333333,22.0,25,2688.0,-2.43,0.08,3.75,56.92,3,0.16,GTEEVMQARSTDLLTCCCAQQLLSS,79.5,60.0,24.0,104.125,253.0
pepmlm_L20_0001,PepMLM,0.51,0.72,0.72,9.86436046511628,51.8297385620915,0,0,0.0,0.33,-76.24718945771403,2840.963808910804,0.6473895782043565,70,31,-0.0268384937599562,-20.9006,-27.3628,-6.79168,-4.07078,53.0,0.3,33.0,20,2217.6,2.71,-0.25,9.81,28.09,2,0.35,GCVKKRTLDSDTPLCRAILK,168.0,1.0,6.0,54.375,42.5
bindcraft_bmpr1a_l16_s332661,BindCraft,0.78,0.83,0.87,4.363335755813953,85.64736842105262,25,8,0.0,0.16,-35.28982690063958,1452.01464781739,0.6624078519435814,54,10,-0.0243040433191812,-11.3855,-12.2196,-4.09334,-0.996339,34.0,0.2,22.0,16,1904.1,-1.0,-1.025,4.39,14.43,0,0.312,SDEGRQKLNEWLNALM,4.5,71.0,98.0,86.375,172.0
rfdiff_d7_n3,RFdiffusion,0.65,0.79,0.77,5.864198286413708,79.9176923076923,0,0,0.0,0.19,-32.32063003364141,1428.2046334511172,0.573279811920565,55,8,-0.0226302514896214,-14.5853,-12.8353,-3.15591,-2.65044,32.0,0.2,23.0,19,2228.4,-7.0,-0.163,3.44,60.95,0,0.474,SLAALEELEELLEELERLE,46.0,92.0,38.0,87.0,172.0
pepmlm_L15_0024,PepMLM,0.58,0.78,0.7,8.512403100775193,63.67357142857143,2,0,0.0,0.15,-63.895577446351496,1842.223354113029,0.6414979220407727,70,20,-0.0346839471466342,-12.2718,-19.5819,-6.56786,-0.413591,43.0,0.2666666666666666,29.0,15,1415.7,0.85,1.373,8.9,17.15,1,0.067,GVISTVVAALSAPCK,107.0,3.0,73.0,66.0,81.0
random_0016,random_control,0.55,0.72,0.7,8.248286413708689,52.912654320987656,0,0,0.0,0.24,-58.70369475543463,2578.0279713010204,0.5304877686231843,78,16,-0.0227707749523793,-14.6922,-22.6713,-2.75634,-0.696548,58.0,0.3,33.0,19,2337.7,-3.29,0.705,3.62,88.36,2,0.263,VMYIDRLQEFCCLSEEIVF,136.5,5.0,36.0,55.0,42.5
bindcraft_bmpr1a_l14_s790748,BindCraft,0.78,0.82,0.85,4.651827242524917,83.15014814814815,28,13,0.0,0.14,-35.42750261889179,1492.0614757290057,0.6233852538026793,50,4,-0.0237439966081707,-11.148,-12.6003,-2.45297,-1.42156,33.0,0.2,25.0,14,1919.1,-2.0,-2.057,4.43,122.23,0,0.571,TPEEEREELRKWWM,4.5,70.0,102.0,87.125,172.0
pepmlm_L20_0029,PepMLM,0.51,0.73,0.66,9.846017441860466,53.58467948717948,1,0,0.0,0.22,-46.122208941614616,1999.592028830687,0.6301576155160181,60,12,-0.0230658095634566,-21.7051,-19.7629,-5.95908,-1.22541,43.0,0.3,28.0,20,2310.8,-0.72,0.755,5.95,36.95,5,0.3,RCCEVKCLDDLLLCCLRIAQ,168.0,17.0,5.0,58.125,42.5
pepmlm_L25_0022,PepMLM,0.6,0.74,0.74,8.171953488372093,64.01186170212766,4,0,0.0,0.23,-68.74938744172519,2597.182347037166,0.6387738295147704,79,28,-0.0264707587898684,-11.0554,-27.9912,-4.7069,-4.55707,54.0,0.4333333333333333,36.0,25,2745.2,2.57,-0.18,9.17,80.86,3,0.2,GCCGVMQARRRDPPTLCLAQLQLSK,84.5,2.0,105.0,48.75,3.5
rfdiff_d4_n6,RFdiffusion,0.62,0.78,0.74,6.332711138310893,74.56590062111802,2,0,0.0,0.18,-30.34691701510991,1547.360076627192,0.645889093502832,52,7,-0.0196120589341154,-16.8903,-14.6586,-7.38057,-4.70259,31.0,0.2333333333333333,24.0,19,2293.7,-2.0,-0.547,4.55,-3.93,0,0.526,PLEKLKELLEKLELERELA,70.5,106.0,19.0,80.125,125.0
pepmlm_L15_0014,PepMLM,0.6,0.76,0.71,10.577054263565891,66.1048695652174,27,3,0.0,0.15,-43.26867867190384,1509.715488869947,0.6940375230902021,52,8,-0.0286601541753349,-12.0105,-16.3712,-7.42575,-2.67636,39.0,0.3,25.0,15,1690.1,3.57,0.573,10.13,65.49,3,0.267,KVVGVVQRRLACCCR,84.5,28.0,80.0,58.75,42.5
random_0013,random_control,0.74,0.76,0.82,6.606046511627906,80.69921428571428,38,15,0.0,0.15,-35.99260282498176,1041.59874439571,0.6401727058016375,49,7,-0.0345551518937967,-10.3011,-10.3416,-5.62274,-0.847364,27.0,0.1,17.0,15,1982.3,-0.26,0.06,6.92,105.44,2,0.2,WCYSLIYNIHYKFEC,12.5,66.0,117.0,118.0,276.5
rfdiff_d1_n4,RFdiffusion,0.62,0.76,0.74,7.129467564259486,70.5736496350365,0,0,0.0,0.18,-34.80759810662394,1541.2201246739596,0.5958873151924806,59,15,-0.022584443032748,-12.9631,-11.9888,-0.890689,-2.01635,37.0,0.1333333333333333,22.0,19,1946.4,1.99,1.168,10.34,-3.93,0,0.211,GPLLAALAALLLKLAEKKL,70.5,75.0,58.0,114.125,253.0
pepmlm_L20_0015,PepMLM,0.68,0.76,0.79,6.844273255813953,64.534,2,0,0.0,0.19,-32.92064645151989,1552.1108550941012,0.5379438607760624,51,5,-0.0212102417449583,-11.919,-15.6315,-3.76215,-1.17697,32.0,0.1666666666666666,21.0,20,2243.7,2.71,0.07,9.81,60.54,2,0.35,RCVKVRTLESDLPACLLAKK,32.0,86.0,83.0,104.75,218.0
pepmlm_L15_0013,PepMLM,0.67,0.8,0.77,7.010116279069768,64.32081081081081,0,0,0.0,0.15,-40.193232376179,1179.9516613049257,0.5875972465785031,50,6,-0.0340634567451082,-9.59115,-13.2685,-6.29405,-1.82256,32.0,0.3333333333333333,22.0,15,1616.0,2.71,1.033,10.12,38.88,2,0.2,RVVSVVVARLSCPCK,36.0,41.0,129.0,56.5,20.0
pepmlm_L15_0023,PepMLM,0.62,0.76,0.72,7.259496124031008,75.17029126213593,9,0,0.0,0.15,-31.63581417960242,1180.6437425309832,0.6359518860637652,55,6,-0.0267953939363484,-14.2824,-11.327,-3.80892,-0.929827,26.0,0.1666666666666666,22.0,15,1503.8,-0.29,1.713,6.06,38.63,2,0.133,GVVETVVALLAACCR,70.5,98.0,44.0,107.625,218.0
pepmlm_L25_0004,PepMLM,0.59,0.73,0.75,8.604488372093025,65.30579545454545,0,0,0.0,0.26,-47.30734907568119,2051.131353417474,0.5915478670328679,62,16,-0.0230640270779638,-11.0729,-16.8396,-0.97114,-3.09819,44.0,0.2666666666666666,25.0,25,2561.9,2.85,0.464,12.01,71.85,1,0.2,GSRRVMMARRTDLLTLLCAAAAAGG,92.0,15.0,104.0,73.0,81.0
scrambled_PepMLM_0019,scrambled_control,0.52,0.73,0.72,9.264232558139534,54.80138121546961,0,0,0.0,0.32,-38.45670881782948,2103.2301374782255,0.5813063723585303,58,7,-0.0182845938409474,-20.0215,-17.3262,-3.04384,-1.30659,42.0,0.2333333333333333,27.0,25,2668.2,1.57,0.828,8.44,106.58,3,0.16,RSLGLEACMLGVAQLCSCLRKTLMA,160.0,48.0,8.0,85.25,125.0
pepmlm_L15_0018,PepMLM,0.68,0.78,0.77,8.01856589147287,72.61179487179487,28,0,0.0,0.15,-43.18875707654723,1492.057550677443,0.6312636559707785,53,3,-0.0289457716003904,-8.14162,-15.266,-2.0389,-1.67811,33.0,0.3,25.0,15,1693.0,0.71,1.213,8.15,44.65,2,0.2,GVVGVYERRLLLCCL,32.0,30.0,158.0,65.625,42.5
random_0032,random_control,0.62,0.79,0.7,8.329651162790698,58.16768844221105,0,0,0.0,0.1,-32.63056342250084,1500.4125426479854,0.5896674881033762,53,12,-0.0217477277048838,-12.5357,-15.5059,-2.10854,-2.1331,37.0,0.2666666666666666,22.0,20,2786.1,2.03,-1.115,10.08,86.17,0,0.35,EFKHGYFDGSRWWRWYMMFR,70.5,91.0,64.0,76.625,81.0
pepmlm_L20_0005,PepMLM,0.62,0.77,0.68,7.329186046511628,67.60266666666668,10,0,0.0,0.08,-28.299274181842435,1430.8817435701285,0.5215017284837711,53,7,-0.0197775073370034,-15.6304,-10.3746,-6.53994,-2.41654,33.0,0.1,18.0,20,2209.7,1.43,0.995,8.17,5.25,4,0.2,GCCEVRTLLTTLLCCARLLK,70.5,131.0,27.0,126.25,276.5
bindcraft_bmpr1a_l15_s270298,BindCraft,0.73,0.82,0.83,5.845193798449612,87.35511999999999,30,10,0.0,0.16,-26.66206441885473,1223.2085918610353,0.6356409932935543,51,8,-0.0217968256569307,-12.678,-13.546,-9.14777,-5.66048,34.0,0.2333333333333333,24.0,15,1801.9,-2.0,-1.5,4.43,89.91,0,0.533,SPGEEEREALRERLM,15.0,150.0,61.0,87.75,125.0
rfdiff_d6_n4,RFdiffusion,0.76,0.8,0.86,5.684730722154223,83.72552147239266,23,14,0.0,0.18,-27.38997236376099,1368.8488867158576,0.5782569195782211,55,11,-0.0200094931073619,-11.9365,-11.0032,-3.77641,-3.23015,35.0,0.1,18.0,19,2313.7,0.99,-0.468,9.46,52.57,0,0.368,SSLLSYILETEKKRLEYLK,8.0,140.0,82.0,126.625,276.5
random_0033,random_control,0.64,0.75,0.76,7.629147286821706,61.62703125,1,0,0.0,0.19,-35.94356623594925,2187.9909433476273,0.6392203404492356,69,20,-0.0164276576853447,-10.5326,-22.0746,-6.58434,-4.58593,50.0,0.3,31.0,15,1868.2,2.57,-1.013,9.17,61.88,3,0.333,SRLKWCNTDLRRCCN,53.5,67.0,112.0,68.75,42.5
pepmlm_L20_0012,PepMLM,0.58,0.76,0.71,8.221482558139535,61.29184713375796,0,0,0.0,0.19,-48.97252515381064,2456.5969135470637,0.5418295269809636,74,21,-0.0199351081505266,-10.0451,-21.7932,-6.35282,-1.95851,48.0,0.3666666666666666,36.0,20,2248.8,1.85,0.865,9.91,24.69,1,0.3,GCVKVLRLDDLPLALLRLLK,107.0,14.0,122.0,63.5,11.0
bindcraft_bmpr1a_l15_s477718,BindCraft,0.66,0.77,0.75,7.30484496124031,79.03440298507464,16,2,0.0,0.15,-29.16700039325218,1406.384317703174,0.7120557873418557,46,12,-0.0207389971760251,-12.0871,-13.7728,-4.57707,-0.294998,31.0,0.2,21.0,15,1915.1,-0.0,-1.82,7.12,44.61,0,0.267,SPREQWNNQLNELMR,40.0,117.0,78.0,101.75,172.0
pepmlm_L15_0022,PepMLM,0.49,0.73,0.61,10.69531007751938,63.22214285714285,24,1,0.0,0.15,-53.27052016163495,1949.454723353516,0.6167763892879639,60,8,-0.0273258565708041,-14.4361,-21.418,-3.18821,-1.39991,46.0,0.3333333333333333,31.0,15,1613.0,2.85,0.833,11.38,49.04,1,0.2,KVVGVLQARSALLCR,184.5,9.0,43.0,64.125,20.0
pepmlm_L25_0005,PepMLM,0.57,0.7,0.81,8.636697674418606,61.32368983957221,5,0,0.0,0.42,-32.074040339787686,1997.9006186170504,0.6324484651925157,55,15,-0.0160538717696525,-16.4061,-16.6083,-8.55091,-2.79701,41.0,0.1666666666666666,24.0,25,2740.1,1.57,-0.524,8.44,76.66,3,0.24,GTRECMQNNRSRLLDACCAAQLAKS,120.0,94.0,23.0,113.75,218.0
rfdiff_d0_n7,RFdiffusion,0.63,0.78,0.75,6.616646266829866,67.72518518518518,1,0,0.0,0.19,-36.46342572884163,1654.8960717568132,0.5753479706413025,57,17,-0.0220336650446771,-10.2765,-11.2538,-1.1056,-1.37017,32.0,0.1666666666666666,23.0,19,1940.2,-0.0,0.726,7.12,56.25,0,0.211,MAEQLAELAAALAALAARR,60.5,61.0,118.0,114.375,218.0
pepmlm_L15_0002,PepMLM,0.63,0.79,0.73,7.448178294573643,61.70180952380952,0,0,0.0,0.15,-45.85237249913423,1878.326149037138,0.6486297906846515,73,18,-0.0244112943445093,-8.06859,-19.1276,-4.27994,-0.413451,48.0,0.3,28.0,15,1524.9,-0.29,2.213,5.1,51.47,2,0.0,GVVSTYVLALLACCL,60.5,20.0,160.0,70.75,42.5
pepmlm_L20_0018,PepMLM,0.59,0.77,0.68,7.758924418604653,65.26014388489209,0,0,0.0,0.11,-35.510390066784595,1260.939491967555,0.5291713821050446,46,12,-0.0281618509793634,-11.987,-11.3056,-3.22569,-3.17449,32.0,0.1666666666666666,19.0,20,2017.3,-2.29,0.865,3.55,-1.79,2,0.2,GCVEVLCRDDTPLALAALAS,92.0,69.0,81.0,115.0,218.0
scrambled_RFdiffusion_0001,scrambled_control,0.76,0.83,0.86,4.031395348837209,76.17844444444444,0,0,0.0,0.18,-27.668421939326407,1604.5704491318622,0.6450011872420741,57,11,-0.0172435071045314,-11.5461,-13.8196,-2.3458,-2.04389,38.0,0.2,23.0,19,1940.2,-0.0,0.726,7.12,19.61,0,0.211,RAALLARQAMEALAEALAA,8.0,137.0,94.0,102.75,172.0
pepmlm_L20_0019,PepMLM,0.51,0.72,0.65,10.766918604651162,66.22429487179487,23,0,0.0,0.19,-36.13788040542033,1780.6579197034994,0.5916606839373102,66,9,-0.0202946787283195,-18.0684,-16.6374,-6.50146,-4.49175,42.0,0.3,34.0,20,2241.6,0.85,-0.05,8.86,34.2,1,0.35,GCEKVLRADDTLGLLRLLKQ,168.0,63.0,15.0,72.125,42.5
pepmlm_L25_0009,PepMLM,0.65,0.75,0.88,6.784255813953489,62.02370165745857,0,0,0.0,0.42,-24.030393852003847,1710.200436120041,0.4955690903642992,57,4,-0.0140512149011737,-16.5269,-14.7069,-3.64211,-0.262219,36.0,0.2333333333333333,21.0,25,2671.1,1.43,0.224,8.17,47.69,4,0.24,GSCRVCMERLSSLLDLCCARQAAGK,46.0,177.0,22.0,92.5,125.0
pepmlm_L15_0027,PepMLM,0.61,0.76,0.72,7.70875968992248,61.855446428571426,0,0,0.0,0.16,-38.03878886703855,2227.9148768088453,0.6903792494543017,70,19,-0.0170737173412672,-10.3479,-23.0243,-7.20086,-2.9291,49.0,0.3333333333333333,37.0,15,1630.9,-0.29,0.953,6.06,111.72,2,0.133,GVIETVQRLPSCLCL,79.5,50.0,115.0,66.125,20.0
rfdiff_d1_n3,RFdiffusion,0.6,0.78,0.72,7.706823745410036,70.84874015748031,0,0,0.0,0.18,-27.707305469663012,1486.570126910908,0.6237231364352366,65,7,-0.0186384113121113,-16.0106,-14.5074,-1.15859,-1.239,34.0,0.2,22.0,19,1804.2,-0.01,1.811,6.94,15.14,0,0.105,GPALLAALVAALLAAEKVL,84.5,136.0,25.0,104.375,172.0
pepmlm_L20_0030,PepMLM,0.51,0.71,0.65,9.609651162790696,52.7896875,0,0,0.0,0.19,-45.462181620363225,1972.3939968344796,0.5779585574212004,62,18,-0.0230492394994742,-12.5024,-19.3491,-5.84929,-4.69309,46.0,0.2,26.0,20,2332.9,2.57,-0.12,9.11,4.35,3,0.35,KCVRVKTLDTDPLCCRLIKQ,168.0,22.0,66.0,107.0,172.0
pepmlm_L25_0006,PepMLM,0.6,0.75,0.84,8.306651162790699,60.53225130890052,1,0,0.0,0.41,-34.83793692772309,2139.6952006988968,0.5706494420731301,69,24,-0.0162817287791008,-11.3465,-24.288,-3.84515,-2.85128,50.0,0.2666666666666666,30.0,25,2814.2,2.43,-0.528,8.61,74.29,4,0.28,GTRRVLMNRRSDLLDCCCCQQAKSG,84.5,74.0,100.0,84.875,81.0
rfdiff_d2_n2,RFdiffusion,0.7,0.75,0.9,5.90422276621787,74.37063694267516,0,0,0.0,0.37,-20.866053392131192,1609.1938340774143,0.4664814279525844,49,11,-0.0129667743874336,-15.3816,-11.9249,0.0,-0.0376081,31.0,0.2,21.0,19,2235.6,-1.0,0.347,4.26,84.34,0,0.158,SLEELLQQLVQQLLLLRQA,24.0,205.0,30.0,107.75,172.0
pepmlm_L25_0016,PepMLM,0.64,0.76,0.78,9.68239534883721,61.111595744680855,17,1,0.0,0.23,-33.27717748653001,1197.4471209795972,0.6471667975152238,54,3,-0.0277901018788261,-9.78476,-13.035,-5.3135,-1.34037,33.0,0.2666666666666666,21.0,25,2731.1,3.57,-0.904,9.94,52.49,3,0.24,GTCGKCQNRSRDPPLCLAARQQLKS,53.5,81.0,128.0,85.875,81.0
random_0007,random_control,0.54,0.75,0.67,9.194339045287638,60.1215060240964,0,0,0.0,0.18,-32.714059904825746,1869.2214877322417,0.5353601428673919,62,20,-0.0175014358220944,-15.1454,-16.8547,-5.06255,-3.13968,42.0,0.2666666666666666,31.0,19,2357.9,3.03,0.211,12.49,58.25,0,0.211,KALLWWSFRVSNMVVPRMH,144.0,88.0,33.0,86.5,81.0
scrambled_PepMLM_0018,scrambled_control,0.47,0.69,0.67,11.898348837209303,54.14913978494624,27,2,0.0,0.32,-46.649750546515094,2132.508206334846,0.6054549364178239,74,21,-0.0218755315491574,-12.5677,-21.805,-1.90448,-2.20408,49.0,0.3,29.0,25,2708.1,2.57,0.16,9.17,22.21,3,0.2,ALELSQCKSCQVRLTGALLTCSRAR,199.5,16.0,63.0,80.25,42.5
pepmlm_L25_0007,PepMLM,0.58,0.77,0.72,8.34046511627907,62.49756906077348,16,1,0.0,0.21,-29.71637764595164,1734.5707787463937,0.5295777849259994,66,12,-0.0171318334253435,-12.3708,-12.0096,-6.06587,-2.45246,38.0,0.2333333333333333,25.0,25,2668.2,1.57,0.828,8.44,35.67,3,0.16,GCCGVMMERRTSLLLCLLAAAQLKS,107.0,111.0,70.0,103.25,125.0
random_0011,random_control,0.58,0.74,0.73,7.94953488372093,61.555067873303166,0,0,0.0,0.23,-41.96988663784299,2724.7739050874156,0.5226460844303578,72,26,-0.0154030712638142,-8.99674,-25.7688,-6.63179,-5.26373,59.0,0.4,37.0,25,3088.4,3.99,-0.924,10.81,24.25,0,0.24,NQFITQWGGGDYPYISWFIRKRKAR,107.0,36.0,146.0,74.0,7.0
scrambled_PepMLM_0014,scrambled_control,0.6,0.8,0.71,8.595465116279069,66.8857,0,0,0.0,0.15,-40.27132111774701,1390.0836561352853,0.5431152331135289,52,6,-0.0289704299018301,-8.12445,-14.6783,-1.08011,-0.425484,34.0,0.3,23.0,15,1461.8,0.71,1.907,8.16,3.67,2,0.067,SALLISVARCCAVVG,84.5,40.0,159.0,81.5,42.5
pepmlm_L15_0028,PepMLM,0.46,0.74,0.59,10.94934108527132,56.98706422018349,0,0,0.0,0.15,-44.21458636556751,1885.3005855693536,0.6390992378817839,72,16,-0.0234522742442234,-13.1702,-19.4916,-4.76202,-0.77708,46.0,0.2666666666666666,31.0,15,1605.0,1.57,1.307,8.45,56.75,3,0.133,GVISVLVRLPSCCCR,208.5,23.0,57.0,92.375,81.0
rfdiff_d5_n4,RFdiffusion,0.56,0.77,0.7,7.5801101591187265,71.56167832167831,0,0,0.0,0.19,-29.46782435777564,1443.76689663311,0.5697332006073101,53,7,-0.020410375405126,-13.9427,-12.3294,-0.879,-0.87999,31.0,0.1666666666666666,20.0,19,2026.4,1.03,1.547,9.75,21.94,0,0.105,SLLYSLHKALISLLSALIA,127.5,113.0,50.0,127.125,218.0
scrambled_PepMLM_0003,scrambled_control,0.53,0.7,0.68,11.051116279069769,58.0239247311828,32,1,0.0,0.23,-43.05451884004481,1487.239883436578,0.6054693368143621,56,7,-0.0289492766564048,-10.9803,-16.7822,-5.464,-1.80258,36.0,0.1666666666666666,23.0,25,2745.3,2.42,-0.276,8.59,42.34,4,0.28,LLLRATCGAEQSKLCCNCSEKKKSM,152.5,31.0,107.0,127.125,218.0
pepmlm_L20_0009,PepMLM,0.41,0.71,0.56,11.57186046511628,49.84949367088608,5,0,0.0,0.19,-39.99120006364467,2198.873908991854,0.605410781473445,78,15,-0.0181871274656125,-19.7331,-22.2618,-5.40907,-1.22779,49.0,0.3,30.0,20,2271.7,-0.15,0.705,6.39,26.63,1,0.3,KVVEVRCLEDTTLLLRLLAS,240.0,42.0,9.0,83.375,42.5
bindcraft_bmpr1a_l15_s933826,BindCraft,0.71,0.84,0.81,4.754263565891473,74.43456521739131,0,0,0.0,0.15,-26.79437363145422,1697.4563134176396,0.5961240891038738,49,18,-0.0157850151545324,-10.1315,-13.9773,-3.88585,-4.17,32.0,0.3,27.0,15,1962.2,2.0,-1.82,10.59,40.95,0,0.533,SGEEKRKAWREWLMR,20.0,148.0,120.0,82.625,42.5
rfdiff_d6_n0,RFdiffusion,0.53,0.76,0.65,7.749082007343941,70.47423312883436,0,0,0.0,0.14,-28.806257099909654,1252.3214284581145,0.5842011819474692,46,6,-0.0230022871487366,-16.7046,-11.0645,-3.90676,-2.0139,29.0,0.1666666666666666,17.0,19,2308.8,-0.01,1.021,7.05,48.51,0,0.211,NPLLLYILLTELLRLLREL,152.5,124.0,21.0,128.875,218.0
rfdiff_d7_n7,RFdiffusion,0.65,0.79,0.77,6.878977968176255,74.5813445378151,1,0,0.0,0.18,-34.73559490334715,1812.5429597142572,0.6678554145540236,74,19,-0.0191640119298596,-7.58898,-17.1466,-3.6987,-0.543412,43.0,0.2666666666666666,30.0,19,1699.0,-0.01,1.889,6.01,19.61,0,0.0,SAAAAATLAALLAALLSSL,46.0,76.0,175.0,94.5,81.0
bindcraft_bmpr1a_l25_s851912,BindCraft,0.48,0.72,0.63,9.227441860465117,77.27042253521127,7,0,0.0,0.21,-32.13272568003367,1349.0988417415356,0.653327491223572,46,11,-0.0238179180693342,-18.4701,-12.959,-9.34655,-6.32616,36.0,0.1333333333333333,17.0,25,3151.8,3.99,-0.744,12.79,31.88,0,0.16,TMQGMMNMMNSMRRQMNRAWWKSLM,191.0,93.0,13.0,137.5,253.0
random_0017,random_control,0.7,0.79,0.81,6.115024479804162,64.76084745762712,0,0,0.0,0.18,-28.469397575996155,1918.3393037297176,0.5872763688397798,62,13,-0.0148406475958891,-8.95667,-17.6825,-1.85344,-0.968869,38.0,0.2666666666666666,30.0,19,2506.8,2.89,-1.795,10.43,66.39,1,0.316,RNVQWFQESYQKCNHRRIN,24.0,127.0,147.0,94.75,81.0
rfdiff_d1_n7,RFdiffusion,0.67,0.78,0.78,6.505630354957161,75.33186440677967,0,0,0.0,0.18,-29.521970279686883,1573.6211150396823,0.6219580565621502,68,13,-0.018760532632369,-8.42574,-14.4598,-0.486932,-0.298099,42.0,0.2333333333333333,28.0,19,1680.9,-0.01,1.753,6.01,29.75,0,0.0,GPALLAAAAAALLASSTVL,36.0,112.0,155.0,107.0,125.0
random_0023,random_control,0.63,0.73,0.75,10.833476132190944,66.37994047619047,19,1,0.0,0.19,-36.82413371596456,1530.703709200728,0.5849916774485233,47,8,-0.0240569964615769,-6.80333,-14.1388,-1.30838,-1.66508,33.0,0.2666666666666666,22.0,19,2440.8,0.03,-1.832,7.83,59.24,0,0.368,QEEVHQRIQMRPQEMQMKN,60.5,55.0,190.0,96.625,81.0
random_0029,random_control,0.47,0.73,0.62,10.81235465116279,56.726547619047615,0,0,0.0,0.19,-36.18282422149555,2041.469916567154,0.598800842806905,54,16,-0.0177239076255108,-14.1854,-20.2798,-4.93618,-1.21359,40.0,0.3,26.0,20,2397.8,-1.15,-0.495,3.69,21.22,1,0.15,PVITVNDPCQARDMWQWPQL,199.5,62.0,48.0,88.0,42.5
pepmlm_L20_0031,PepMLM,0.49,0.71,0.63,11.022994186046514,56.329542483660134,0,0,0.0,0.19,-36.82005814315113,1750.5711661127502,0.6180545414570379,61,18,-0.0210331684057794,-12.1777,-16.8716,-3.71437,-2.54694,42.0,0.3,32.0,20,2231.7,-0.43,0.555,6.15,26.13,3,0.3,GCEKLLCLEDLTPCRLAILK,184.5,56.0,77.0,90.0,42.5
pepmlm_L25_0002,PepMLM,0.54,0.75,0.59,8.089046511627906,58.8728961748634,0,0,0.0,0.02,-27.49982996806449,1727.9006112804427,0.6067170199914559,66,6,-0.0159151688404612,-14.6116,-12.9653,-2.25054,-1.34839,39.0,0.2666666666666666,29.0,25,2682.1,0.57,0.184,7.87,134.1,3,0.2,GTEECLMARRTSPLLACACQLLKSS,144.0,139.0,37.0,100.25,81.0
rfdiff_d7_n1,RFdiffusion,0.7,0.78,0.9,5.773990208078335,78.99153846153847,0,0,0.0,0.36,-17.72622021571422,1691.991703043684,0.5639667348821773,52,9,-0.0104765408623617,-13.4297,-12.8939,-4.0945,-2.70802,34.0,0.1666666666666666,21.0,19,2226.6,-2.0,0.311,4.26,48.11,0,0.316,SLRELEELLKLLSELLSQL,24.0,242.0,54.0,134.5,218.0
pepmlm_L20_0000,PepMLM,0.51,0.74,0.65,10.25171511627907,54.892,0,0,0.0,0.19,-28.072399747763072,2489.7385595911815,0.5927273010778372,88,25,-0.0112752399803666,-15.5461,-24.4611,-8.12536,-2.48658,55.0,0.4,40.0,20,2296.7,3.85,-0.395,12.02,34.15,1,0.3,GKCRLRTLETTPLLRLRAAQ,168.0,133.0,28.0,84.0,7.0
scrambled_PepMLM_0015,scrambled_control,0.58,0.76,0.69,9.226162790697677,71.87767857142858,16,0,0.0,0.15,-30.120063986140877,1390.5585563462432,0.6104507820870015,53,9,-0.0216604067830719,-10.1612,-14.8662,-3.08884,-0.403825,38.0,0.2666666666666666,22.0,15,1630.9,-0.29,0.953,6.06,90.24,2,0.133,ESCVQTLILRPLGVC,107.0,108.0,119.0,103.75,81.0
pepmlm_L15_0009,PepMLM,0.63,0.81,0.74,7.65406976744186,61.030540540540535,1,0,0.0,0.15,-30.748606560198,1343.9956076069689,0.5692472937318849,48,15,-0.0228785022705148,-7.85759,-11.2026,-5.37368,-0.270518,29.0,0.2,17.0,15,1591.9,0.85,1.9,8.84,17.15,1,0.067,GVVSVYVARLSLLCL,60.5,103.0,164.0,124.875,172.0
pepmlm_L20_0028,PepMLM,0.62,0.77,0.75,7.199389534883721,66.45944827586207,0,0,0.0,0.19,-42.39341075732659,2289.3152728843056,0.5225813891360503,80,31,-0.0185179434477433,-4.23914,-21.8539,-5.60067,-5.18012,49.0,0.4,35.0,20,2120.5,1.57,0.435,8.44,39.28,3,0.3,GCCKLKRLDDLLLACARAAS,70.5,34.0,229.0,85.125,7.0
random_0000,random_control,0.41,0.7,0.64,12.583078335373315,42.435174418604646,4,0,0.0,0.34,-38.607126263890905,1644.8981043986323,0.584069368673862,52,13,-0.0234708315126945,-14.2739,-17.6103,-1.56573,-0.300197,37.0,0.3333333333333333,24.0,19,2432.9,0.89,0.253,8.82,43.91,1,0.316,RYSLCILLRDIKWHQEVIF,240.0,47.0,45.0,88.0,20.0
pepmlm_L15_0017,PepMLM,0.48,0.73,0.61,12.41972868217054,64.01864077669903,25,0,0.0,0.15,-37.444337266663496,1342.322170406119,0.6216156302859829,50,10,-0.0278951939349513,-11.5524,-14.0237,-5.12076,-1.95007,31.0,0.2333333333333333,19.0,15,1502.8,1.71,1.133,9.11,64.31,2,0.133,GVVSVVVARPSACCR,191.0,52.0,93.0,115.25,125.0
scrambled_PepMLM_0000,scrambled_control,0.48,0.72,0.57,10.54693023255814,53.27701030927836,4,0,0.0,0.08,-33.76542471088858,1981.2835792763983,0.6156110365089421,72,31,-0.0170421968182971,-12.454,-15.666,-6.22391,-2.95384,46.0,0.2666666666666666,31.0,25,2871.4,3.42,-0.468,9.21,51.53,4,0.32,CQRTKLCTLRRCAKSMGRDEPCALM,191.0,78.0,67.0,104.25,81.0
pepmlm_L15_0010,PepMLM,0.46,0.71,0.59,8.984883720930233,63.157787610619465,3,0,0.0,0.15,-36.71626762974762,1412.4930786834188,0.6121078605134098,56,21,-0.0259939451625283,-12.3432,-12.9653,-0.755489,-1.15079,34.0,0.2333333333333333,25.0,15,1628.9,-1.15,1.06,4.26,56.75,1,0.2,GVEEVVQLALSLCLR,208.5,58.0,71.0,115.625,125.0
scrambled_RFdiffusion_0015,scrambled_control,0.56,0.8,0.69,8.522888616891064,62.99462025316457,0,0,0.0,0.18,-26.26519375554699,1994.287763794366,0.5987481959152086,65,26,-0.0131702125602848,-12.8832,-15.8582,-5.71676,-2.06355,40.0,0.2333333333333333,29.0,19,2235.6,0.03,-0.142,7.8,32.8,0,0.368,SLLQHLAKPAFRLEKELEL,127.5,152.0,60.0,116.125,125.0
pepmlm_L20_0002,PepMLM,0.41,0.68,0.58,11.284505813953489,45.351960784313725,0,0,0.0,0.24,-35.7949864892167,1827.799255042848,0.5716403605210459,55,14,-0.0195836530682783,-15.2033,-13.2497,-6.73033,-2.09361,33.0,0.2333333333333333,22.0,20,2232.6,-0.43,-0.5,6.23,37.72,3,0.4,RCEEVKCLEDTPPCRAAALK,240.0,68.0,32.0,116.25,125.0
rfdiff_d4_n0,RFdiffusion,0.61,0.77,0.73,6.484394124847001,75.10888888888888,2,0,0.0,0.18,-28.618408242907492,1464.5285577129446,0.5057710397450869,51,21,-0.0195410380304218,-9.51131,-10.633,-2.44672,-0.390362,35.0,0.1666666666666666,23.0,19,2177.5,-2.0,0.053,4.26,28.33,0,0.316,PRELLEQLLAELQKLAELA,79.5,126.0,132.0,138.875,218.0
rfdiff_d0_n0,RFdiffusion,0.58,0.75,0.7,7.1453182374541,68.76413173652695,1,0,0.0,0.18,-26.17928005716152,1375.9136614901563,0.586218640401828,48,5,-0.0190268334343076,-11.7363,-12.051,-3.14178,-2.21885,31.0,0.2,22.0,19,2403.6,-6.0,-1.526,3.95,113.92,0,0.632,MEEQLEELEEALKELEERR,107.0,153.0,88.0,130.0,172.0
random_0026,random_control,0.44,0.72,0.61,12.22920930232558,50.553163265306125,0,0,0.0,0.23,-33.59785909194483,1922.6466211832617,0.6352182740674355,66,13,-0.0174747968356595,-14.5273,-16.5112,-3.24971,-1.10181,44.0,0.2,31.0,25,2806.1,0.03,-0.432,7.82,-6.08,0,0.2,AGKLMNAGFWPDFADTHPQRMGNLM,221.5,80.0,41.0,128.625,172.0
rfdiff_d1_n0,RFdiffusion,0.62,0.77,0.74,7.368910648714811,70.71820143884894,7,0,0.0,0.18,-27.313383676213107,1780.7318828786892,0.6188585546781195,69,7,-0.0153382909234257,-9.41282,-16.1628,-3.98798,-0.954593,43.0,0.2666666666666666,31.0,19,1983.3,-0.01,0.679,7.07,48.41,0,0.211,SPSLLELAKALLKASETVL,70.5,143.0,135.0,107.375,81.0
pepmlm_L20_0011,PepMLM,0.58,0.74,0.71,7.884186046511627,56.290000000000006,0,0,0.0,0.19,-30.548903864451106,1877.3317302425216,0.6584439977207917,62,14,-0.0162725124027518,-9.2986,-19.9169,-3.14039,-3.0627,43.0,0.3333333333333333,27.0,20,2354.7,-1.57,-0.225,4.67,40.82,4,0.45,RCEEVRCLEDDLLCCARLKS,107.0,105.0,141.0,93.25,20.0
rfdiff_d2_n6,RFdiffusion,0.59,0.79,0.72,6.787301101591188,73.49236842105263,0,0,0.0,0.18,-21.41413575401199,1203.5295158526085,0.6040904681075356,49,4,-0.0177927798794711,-13.2399,-10.517,-4.80358,-1.03694,27.0,0.1,19.0,19,2161.6,-0.0,0.574,7.09,49.92,0,0.211,GPEELLRLLTQLLLLLKQA,92.0,202.0,56.0,156.625,276.5
rfdiff_d1_n5,RFdiffusion,0.53,0.74,0.66,8.902447980416156,65.60241134751772,0,0,0.0,0.18,-28.868745688415487,2072.2751562762883,0.5321125040323362,62,24,-0.0139309423273163,-12.1845,-17.6675,-4.50701,-0.362857,46.0,0.2333333333333333,28.0,19,2011.4,-2.0,1.458,3.13,42.74,0,0.105,SPLSLLEALLSLLLSETVL,152.5,123.0,76.0,119.125,125.0
pepmlm_L25_0015,PepMLM,0.58,0.75,0.68,8.53806976744186,67.85510101010101,8,0,0.0,0.13,-29.22234630193401,1309.6080757296068,0.6597339805025457,51,15,-0.0223138104013704,-9.35875,-9.8662,-0.67141,-0.909327,30.0,0.1666666666666666,21.0,25,2891.5,2.71,-0.132,9.8,44.4,2,0.36,GCERKMMERRTDLLLLLLCAQAAKK,107.0,114.0,137.0,144.0,218.0
scrambled_PepMLM_0010,scrambled_control,0.62,0.76,0.76,7.921348837209303,62.233208556149734,0,0,0.0,0.23,-29.169016593107894,1651.5750359850613,0.4819916251213304,66,12,-0.0176613329443493,-7.71473,-15.6379,-5.09821,-1.31382,46.0,0.2666666666666666,25.0,25,2740.1,1.57,-0.524,8.44,80.46,3,0.24,CMRNALQLLSDQRTACACAGSRKNE,70.5,116.0,169.0,109.125,81.0
bindcraft_bmpr1a_l26_s861050,BindCraft,0.3,0.64,0.45,13.145550089445438,60.067447698744765,1,0,0.0,0.16,-36.6235775653368,1542.781271269246,0.5714863127350153,47,8,-0.0237386713511284,-18.9916,-12.504,-6.25269,-2.94496,35.0,0.2666666666666666,25.0,26,3369.8,1.03,-0.996,9.46,84.97,0,0.308,SERQQKLQILWLWFHGEYEKYLKMQS,286.0,59.0,12.0,109.5,81.0
rfdiff_d4_n2,RFdiffusion,0.66,0.79,0.78,5.9309057527539775,78.5917610062893,1,0,0.0,0.18,-17.147902262998315,1767.8411835471964,0.54178244630738,62,18,-0.0096999110681372,-12.3106,-16.7371,-4.90588,-3.87859,41.0,0.2666666666666666,28.0,19,2261.7,-1.0,0.242,4.73,39.32,0,0.368,PLEKLLQLLAELLEKRLLE,40.0,248.0,72.0,110.25,81.0
rfdiff_d7_n2,RFdiffusion,0.56,0.75,0.68,7.460159118727051,77.37054878048781,11,0,0.0,0.16,-28.896297600159414,1339.3651637742198,0.6218093159490982,49,3,-0.0215746223522284,-10.3092,-10.7754,-2.67873,-3.92652,32.0,0.2,21.0,19,2340.8,-1.0,-0.805,4.95,18.89,0,0.579,SLKELEELLKKLRELKELE,127.5,120.0,116.0,133.875,172.0
scrambled_RFdiffusion_0017,scrambled_control,0.69,0.78,0.8,9.626132190942473,67.75724550898202,5,0,0.0,0.19,-25.86320997410911,1184.0903256535946,0.7010834497976702,37,9,-0.0218422610283832,-7.53393,-11.4084,-6.0744,0.447492,25.0,0.1,15.0,19,2374.8,-0.0,-0.705,7.24,82.72,0,0.526,KEELRTKKLLLEEFILERS,28.0,158.0,176.0,159.625,276.5
random_0024,random_control,0.41,0.69,0.56,13.408924418604652,55.48259036144579,3,0,0.0,0.19,-40.896340155941054,1505.4896046007918,0.6732999443305068,52,10,-0.0271648107240072,-11.5895,-14.3817,-4.60641,-0.994822,34.0,0.1666666666666666,21.0,20,2404.6,-6.29,-0.895,2.59,21.3,2,0.3,SDDDDQENFVCWVVMEQNQC,240.0,38.0,90.0,146.5,218.0
scrambled_RFdiffusion_0012,scrambled_control,0.7,0.8,0.81,6.6549265605875165,72.3878048780488,25,3,0.0,0.18,-28.416793208149823,1654.4019031109133,0.5441115156420588,57,10,-0.0171764751688905,-5.14218,-15.4372,-6.1596,-2.83998,37.0,0.2,24.0,19,2335.8,1.0,-1.005,9.68,43.15,0,0.579,LKAELLRKELEEKPEKLLR,24.0,130.0,212.0,134.5,172.0
scrambled_PepMLM_0013,scrambled_control,0.55,0.75,0.68,8.435813953488374,55.59640522875817,0,0,0.0,0.19,-26.85006571401377,1448.60387885103,0.5554406262632323,60,17,-0.0185351331071335,-11.8052,-14.3933,-4.33926,-1.13016,39.0,0.2333333333333333,28.0,20,2232.7,3.57,-0.38,9.73,8.96,3,0.4,DRKLCPKARKALGETCKLCV,136.5,146.0,86.0,123.375,125.0
pepmlm_L20_0006,PepMLM,0.46,0.68,0.6,10.336133720930231,55.71190476190477,0,0,0.0,0.19,-34.32257588235723,1546.8322347622566,0.5141183667551462,52,11,-0.0221889453238815,-11.8355,-11.0364,-1.63896,-1.50659,34.0,0.2,20.0,20,2132.6,3.71,0.805,10.35,22.02,2,0.2,GCVKLLTLLSTTLACRLAKK,208.5,77.0,85.0,135.625,172.0
rfdiff_d4_n4,RFdiffusion,0.58,0.76,0.71,6.940422276621787,76.5781617647059,2,0,0.0,0.19,-23.21062988729921,1443.56027292073,0.4202173364252467,53,7,-0.0160787397122931,-11.7599,-10.0527,-2.53205,-2.15118,34.0,0.2,19.0,19,1936.2,-4.0,0.858,2.96,26.63,0,0.211,PLAQLEALLAALAEEAELA,107.0,187.0,87.0,138.25,172.0
pepmlm_L25_0030,PepMLM,0.44,0.7,0.56,10.476348837209304,54.38586021505377,0,0,0.0,0.14,-28.876233825168583,1706.111649402885,0.5714601149238286,65,11,-0.0169251724148738,-15.3625,-13.877,-4.83093,-0.744087,41.0,0.2333333333333333,25.0,25,2745.3,2.42,-0.276,8.59,97.65,4,0.28,GCEEKMKNKRSSLLTACCCAQLLKS,221.5,122.0,31.0,124.875,125.0
pepmlm_L20_0016,PepMLM,0.53,0.66,0.74,9.61813953488372,61.46046666666666,9,0,0.0,0.38,-24.21234123394356,1651.4820681135725,0.5402709786382123,54,7,-0.0146609773738569,-13.8937,-13.5855,-0.284108,-1.52031,35.0,0.2666666666666666,25.0,20,2190.7,2.57,0.825,9.14,19.13,3,0.25,RKCRLLCAETTLLCLAAIAK,152.5,175.0,51.0,114.875,81.0
bindcraft_bmpr1a_l12_s373689,BindCraft,0.76,0.83,0.84,4.688953488372094,80.60838983050849,12,3,0.0,0.13,-23.131801665811537,968.817195894334,0.6628908737368162,38,7,-0.023876332670229,-7.29344,-9.011,-3.99405,-1.73481,25.0,0.1,16.0,12,1680.8,-2.0,-2.592,4.33,69.36,0,0.667,SEEDEKWREWMR,8.0,188.0,182.0,163.625,276.5
bindcraft_bmpr1a_l16_s391274,BindCraft,0.46,0.73,0.59,10.207449127906978,66.23401459854014,0,0,0.0,0.16,-29.94194724873816,1316.2967669566851,0.5911110906718753,48,8,-0.0227471099226086,-12.6686,-10.5512,-9.41953,-2.9258,32.0,0.1333333333333333,20.0,16,1983.2,0.85,-1.2,8.93,68.24,1,0.438,DGSLREQFRERLRSMC,208.5,110.0,62.0,158.375,253.0
random_0028,random_control,0.58,0.72,0.72,8.986883720930233,57.85064039408867,0,0,0.0,0.23,-30.804818152235647,1362.6728491107126,0.6152205377465424,52,14,-0.0226061729874041,-7.34499,-13.7137,-0.848446,-1.59797,35.0,0.1666666666666666,19.0,25,2906.3,-1.21,0.088,6.02,16.38,2,0.2,QELWSTLCIPYCAHLHFKLMEASQG,107.0,102.0,180.0,151.75,218.0
scrambled_RFdiffusion_0019,scrambled_control,0.58,0.74,0.69,8.296725826193391,65.25539877300614,3,0,0.0,0.17,-23.70716285922066,1543.4756563299156,0.5940595100669034,54,14,-0.0153595962216804,-10.999,-12.9774,-2.80251,-2.47215,39.0,0.1,23.0,19,2313.7,0.99,-0.468,9.46,58.24,0,0.368,YILKLSRLYSESKTLLEEK,107.0,178.0,106.0,166.875,276.5
pepmlm_L20_0013,PepMLM,0.52,0.65,0.75,9.931656976744184,58.12506097560976,9,1,0.0,0.41,-25.787506527954527,1658.6225203642368,0.4433184328750997,44,4,-0.0155475439476678,-12.5325,-11.0869,-1.63069,-2.1099,33.0,0.2,24.0,20,2370.8,2.71,-0.13,10.11,38.14,2,0.45,RCERVRRLDDLLLCRAAIAK,160.0,161.0,65.0,139.5,172.0
pepmlm_L25_0019,PepMLM,0.58,0.76,0.73,7.866162790697675,56.2610101010101,1,0,0.0,0.22,-33.27119124182265,2104.7342699846126,0.5314894967347322,70,20,-0.0158077870999201,-5.39341,-18.9932,-5.29043,-2.56961,50.0,0.2666666666666666,35.0,25,2862.3,0.85,-0.276,8.86,18.6,1,0.36,RTREVMQAKSSDDLDLCLARLLLKS,107.0,82.0,206.0,119.0,81.0
pepmlm_L15_0021,PepMLM,0.41,0.72,0.55,11.394806201550386,55.47784482758621,7,0,0.0,0.15,-44.2082542635264,2085.4702798144235,0.6251786228450654,63,22,-0.0211982183066451,-9.83245,-20.9911,-6.81172,-1.60848,47.0,0.3,30.0,15,1688.0,1.71,0.893,9.11,113.29,2,0.267,GTIEVVVRRLACLCR,240.0,24.0,126.0,108.125,42.5
bindcraft_bmpr1a_l26_s356362,BindCraft,0.56,0.74,0.59,9.21654740608229,63.05282051282052,0,0,0.0,0.0,-18.62446000006713,1895.1365786159308,0.6217083802942115,71,18,-0.0098275027827646,-14.2517,-19.5658,-7.06248,0.0331477,49.0,0.2,27.0,26,3317.5,-0.96,-2.054,5.55,90.56,0,0.538,SSEELRESHRNGGKKWWEDDMEWLRR,127.5,229.0,46.0,143.625,172.0
random_0022,random_control,0.37,0.7,0.53,14.084332925336598,43.499333333333325,4,0,0.0,0.18,-36.1100007551959,1508.9235592966374,0.6181627450572137,51,18,-0.0239309675647373,-12.2088,-13.2851,-4.03333,-1.16032,35.0,0.1333333333333333,25.0,19,2547.9,-0.01,-0.726,6.72,35.42,0,0.316,RDDMYFDFKYWVMPYTLRT,267.5,64.0,74.0,164.625,253.0
scrambled_RFdiffusion_0018,scrambled_control,0.51,0.75,0.65,10.413800489596085,70.20182481751824,16,0,0.0,0.18,-33.088199225686594,1741.320936591218,0.6343217813655633,65,22,-0.0190017810791728,-7.92841,-14.1125,-3.16318,-1.34212,41.0,0.2,26.0,19,1953.3,-0.01,0.6,7.07,0.54,0,0.211,LLAAKLSLKAVLENAAEAQ,168.0,85.0,162.0,146.75,172.0
bindcraft_bmpr1a_l12_s491995,BindCraft,0.66,0.8,0.75,5.301065891472869,76.56118644067796,0,0,0.0,0.12,-19.378186168122795,1116.1190054119606,0.7477910866196315,34,8,-0.0173621146796709,-8.49884,-10.2457,-2.95835,-0.262824,28.0,0.1666666666666666,18.0,12,1661.7,-2.0,-2.4,4.26,109.41,0,0.5,SEEERQEWWNRL,40.0,220.0,154.0,158.0,218.0
rfdiff_d1_n1,RFdiffusion,0.64,0.8,0.76,6.934577723378212,72.01953488372094,4,0,0.0,0.18,-26.348672495755068,1529.1223555712136,0.6038534903053547,58,11,-0.0172312388212468,-5.13324,-12.4469,-3.98878,-0.163137,36.0,0.1,23.0,19,1837.1,-1.0,1.053,3.29,19.61,0,0.053,GPLLEQLAQAALAASATVL,53.5,151.0,213.0,173.5,276.5
pepmlm_L20_0003,PepMLM,0.56,0.74,0.69,8.911424418604652,56.07868421052631,8,0,0.0,0.19,-24.67087850414005,1127.7207674553276,0.4945387074354168,51,4,-0.0218767617092032,-9.87118,-11.1902,-0.584596,-0.29906,29.0,0.2333333333333333,19.0,20,2201.5,-0.29,0.27,6.15,26.63,2,0.3,GVCELLCLDDTPGLRLRIKS,127.5,170.0,123.0,136.375,125.0
scrambled_PepMLM_0009,scrambled_control,0.35,0.63,0.51,15.132325581395351,42.7568085106383,1,0,0.0,0.23,-42.82003776695677,1565.8177557110348,0.5335578711798464,54,8,-0.0273467570608255,-10.4695,-15.6995,-1.45912,-2.58561,37.0,0.2333333333333333,21.0,25,2745.2,2.57,-0.18,9.17,10.58,3,0.2,GPCRKPMDGQRTCQRLSVLQLLCAA,274.5,32.0,114.0,136.375,125.0
rfdiff_d4_n3,RFdiffusion,0.53,0.74,0.67,8.67842717258262,74.71933774834436,5,0,0.0,0.18,-25.684302054122327,1297.9395878096814,0.5241035903892939,45,8,-0.0197885188920583,-10.9227,-9.45113,-4.03998,-1.8461,28.0,0.2333333333333333,20.0,19,2137.7,-0.01,1.432,7.07,0.54,0,0.211,PLLKFLELLAKLLLEALLS,152.5,162.0,108.0,136.875,125.0
scrambled_PepMLM_0001,scrambled_control,0.68,0.81,0.78,6.385,65.67278260869566,0,0,0.0,0.15,-23.462282441994347,1155.7582717936684,0.6722669580416752,48,5,-0.020300337029457,-5.35445,-12.2738,-5.73975,-1.77487,32.0,0.1666666666666666,19.0,15,1690.1,3.57,0.573,10.13,64.23,3,0.267,RCGVAVVLQVRRCKC,32.0,182.0,207.0,159.75,218.0
rfdiff_d5_n7,RFdiffusion,0.45,0.76,0.6,9.349632802937576,65.81735483870968,0,0,0.0,0.18,-26.16181084355202,1318.4661646748002,0.6360663036502692,51,7,-0.0198426107127328,-13.4392,-11.0266,-1.31118,-1.87704,32.0,0.1,19.0,19,2197.6,1.03,-0.095,9.53,42.29,0,0.421,SELYEKHKALIEKLKALIA,216.0,154.0,53.0,174.875,276.5
rfdiff_d6_n5,RFdiffusion,0.53,0.75,0.66,8.338647490820074,71.67994011976047,1,0,0.0,0.18,-23.55156866692593,1474.013499112285,0.579459997714466,50,7,-0.0159778514112046,-11.5331,-12.1341,-3.26068,0.286685,26.0,0.1666666666666666,18.0,19,2376.7,-5.0,-0.774,3.96,65.56,0,0.579,DELLEFIEETEKLRELLEK,152.5,180.0,95.0,161.375,218.0
scrambled_RFdiffusion_0009,scrambled_control,0.7,0.84,0.83,5.0721236230110165,72.44045751633986,0,0,0.0,0.19,-16.882179135474388,1356.1171364585982,0.4789423292968016,51,4,-0.0124489092288598,-8.81015,-10.9919,-4.08574,-0.986342,31.0,0.2333333333333333,22.0,19,2176.5,-1.96,0.379,4.53,79.87,0,0.263,SSLLLQEEQLLLLELRAAH,24.0,252.0,149.0,137.5,125.0
random_0019,random_control,0.5,0.73,0.64,9.241279069767442,58.33116402116402,0,0,0.0,0.19,-28.72480054997851,1650.4929861479573,0.5080165588304754,53,8,-0.0174037701408344,-9.86337,-11.374,-0.216004,-0.681543,31.0,0.1333333333333333,19.0,20,2625.0,0.11,-0.005,7.97,72.4,0,0.35,FWHDVHWHIMFYAKFFVKGE,177.5,125.0,124.0,169.875,253.0
pepmlm_L15_0025,PepMLM,0.59,0.78,0.7,6.9403875968992255,67.49798076923076,0,0,0.0,0.15,-27.14225619792296,1255.4649293383532,0.547922875164579,48,10,-0.0216192866591879,-6.7077,-10.5511,-1.99649,-1.93647,30.0,0.1333333333333333,19.0,15,1481.7,-1.0,0.94,4.26,40.15,0,0.2,GTIEVVEAALAAPLK,92.0,144.0,191.0,170.0,253.0
scrambled_PepMLM_0012,scrambled_control,0.57,0.73,0.79,9.12179069767442,58.51353535353535,2,0,0.0,0.39,-14.336416978357107,1599.8090668201191,0.5487875401870133,49,6,-0.0089613299959932,-14.4693,-11.826,-1.27277,-0.972131,37.0,0.1666666666666666,21.0,25,2878.4,1.71,-0.032,9.04,52.04,2,0.32,ARVRMKQERSLCLLLLCETTSKDLA,120.0,263.0,42.0,160.75,218.0
random_0004,random_control,0.43,0.71,0.6,12.76120930232558,47.806796116504856,0,0,0.0,0.23,-30.938104180699355,1513.535650022674,0.6410781418079826,58,9,-0.0204409484376769,-11.1251,-13.3619,-5.79889,-0.678483,33.0,0.2666666666666666,23.0,25,2964.4,1.79,-0.728,8.99,85.81,2,0.32,MEPTAVRQCHTNYSRCHKVFLRSEA,228.0,99.0,103.0,127.75,81.0
pepmlm_L25_0024,PepMLM,0.59,0.75,0.73,7.848418604651162,61.34982352941176,0,0,0.0,0.23,-21.470022168892314,1757.0245714426214,0.5509443809941899,58,10,-0.0122195343866273,-9.30186,-16.1862,-3.66008,-1.0785,39.0,0.1666666666666666,23.0,25,2500.7,0.57,0.028,7.87,39.99,3,0.12,GTCGCMKNRLTSDLTCAALQQAASG,92.0,200.0,140.0,162.5,218.0
rfdiff_d0_n4,RFdiffusion,0.71,0.81,0.82,4.995287637698898,74.38072463768115,0,0,0.0,0.18,-20.40677192118497,1408.907869876085,0.5089398205551793,54,9,-0.0144841067024345,-6.29711,-9.1212,-0.745144,-0.669066,34.0,0.2,22.0,19,1985.2,-1.0,0.363,4.26,63.01,0,0.158,MSEQLAQLAEQLAALAAAR,20.0,211.0,198.0,150.25,172.0
rfdiff_d0_n2,RFdiffusion,0.57,0.77,0.7,7.085832313341493,74.64379084967321,0,0,0.0,0.18,-21.42818563457115,1385.5941883639844,0.6064950294480584,50,14,-0.0154649794395226,-10.6661,-11.3749,-7.4845,-1.96272,32.0,0.2666666666666666,21.0,19,2176.5,-1.96,0.379,4.53,35.42,0,0.263,SLEQLLELLEQLLAHLASR,120.0,201.0,111.0,128.25,81.0
pepmlm_L20_0026,PepMLM,0.63,0.77,0.75,7.672063953488372,64.86852348993288,0,0,0.0,0.19,-10.902497901576195,1615.8315849613912,0.5789290135566821,68,3,-0.0067472984208541,-11.5312,-15.0166,-4.70912,-1.99718,46.0,0.3,31.0,20,2162.5,3.71,-0.31,10.34,58.02,2,0.3,GCCKKRTADSTLGALRLIKQ,60.5,278.0,96.0,119.25,42.5
random_0003,random_control,0.5,0.73,0.63,10.746144430844552,54.17351724137931,4,0,0.0,0.18,-38.4079856219992,2493.9623339511973,0.6433247676449957,78,22,-0.0154003872067904,-4.841,-23.3595,-6.43816,-3.38868,55.0,0.3666666666666666,38.0,19,2159.4,-2.15,-0.621,3.55,53.56,1,0.211,SDSNQMMEGMQSLPVCRDM,177.5,49.0,214.0,112.875,11.0
pepmlm_L15_0016,PepMLM,0.6,0.78,0.71,7.109767441860464,62.6560162601626,0,0,0.0,0.15,-23.36048662492155,1242.3237015675193,0.6419316390303836,44,12,-0.0188038645607792,-7.61953,-10.9071,-6.71367,-2.56939,32.0,0.2,22.0,15,1771.1,0.85,0.22,8.9,102.75,1,0.333,KCVEELQLRSALLLR,84.5,184.0,173.0,153.375,172.0
rfdiff_d0_n6,RFdiffusion,0.64,0.77,0.76,5.724510403916769,70.89237410071944,0,0,0.0,0.18,-15.902203670674083,1235.0714086183873,0.5440578471951727,56,6,-0.0128755338029102,-9.41871,-10.4914,-0.616263,-0.661433,34.0,0.1333333333333333,17.0,19,1996.3,-1.0,0.989,4.26,36.24,0,0.158,MAEQLAELAAQLALLAALR,53.5,257.0,134.0,174.375,253.0
pepmlm_L25_0029,PepMLM,0.48,0.72,0.64,11.31232558139535,60.0432786885246,23,0,0.0,0.23,-42.051717187536184,1985.9908253532544,0.6086222886901508,77,30,-0.0211741749512142,-4.68137,-19.0906,-3.65613,-1.64311,46.0,0.1666666666666666,30.0,25,2695.2,3.57,-0.132,9.82,40.13,3,0.24,GSCGKMMNRLSRLPDCCALAAQLKK,191.0,35.0,219.0,165.75,218.0
pepmlm_L25_0011,PepMLM,0.53,0.72,0.71,8.893418604651163,57.87954545454545,0,0,0.0,0.29,-16.549883137181098,1331.5336697380303,0.6382749034729784,45,10,-0.0124291886215969,-14.5578,-11.8037,-2.27247,-0.264556,36.0,0.1333333333333333,17.0,25,2878.4,1.71,-0.032,9.04,41.51,2,0.32,RTREVLMEKRSDLLTLCLCQAALKS,152.5,254.0,40.0,174.875,253.0
random_0025,random_control,0.55,0.73,0.69,8.977813953488374,57.06765217391304,16,0,0.0,0.21,-29.07530355363484,1454.8275910943205,0.580226486465312,56,8,-0.0199853946485606,-6.53585,-15.6396,-6.91998,-0.459826,40.0,0.3,21.0,25,3209.6,-1.97,-0.404,4.53,9.91,0,0.2,YLNEWTHFSIENVNEKWIQVYYVAY,136.5,119.0,195.0,123.25,42.5
bindcraft_bmpr1a_l24_s327222,BindCraft,0.35,0.7,0.44,12.075678294573644,57.24809090909091,0,0,0.0,0.04,-28.4454342574127,1814.8231742043463,0.5034774858661119,54,3,-0.0156739425976768,-14.1404,-14.8552,-6.23755,-3.83516,41.0,0.4,30.0,24,3121.5,3.99,-1.783,11.34,60.59,0,0.417,SGQSRIGQRREMWRQEYREWLKKL,274.5,129.0,49.0,114.875,7.0
rfdiff_d4_n7,RFdiffusion,0.59,0.78,0.72,6.51156670746634,72.45575949367088,2,0,0.0,0.18,-18.123861949817552,1112.4610202533286,0.5230156333969409,42,4,-0.0162916826925678,-9.85439,-7.32201,-0.511453,-0.689816,26.0,0.1,17.0,19,2251.6,-5.0,-0.089,3.86,34.85,0,0.474,PLEKLLELLKELLEEAEEL,92.0,237.0,125.0,182.625,276.5
pepmlm_L20_0017,PepMLM,0.64,0.8,0.77,7.24438953488372,58.86447368421054,0,0,0.0,0.19,-29.20605236408396,2372.564639135519,0.5688212803362209,85,40,-0.0123099079714538,8.463,-24.5856,-2.8281,-1.00557,58.0,0.4,37.0,20,2198.5,-1.29,0.44,4.19,38.39,2,0.25,GCCELRTLLDDPPARLLLLS,53.5,115.0,286.0,115.375,7.0
scrambled_PepMLM_0005,scrambled_control,0.47,0.73,0.59,11.122131782945736,54.96288288288287,3,0,0.0,0.15,-34.97226344107064,1334.718662912353,0.4348530589030888,47,7,-0.0262019738037986,-7.13316,-12.5974,-4.59539,-1.45409,36.0,0.2,19.0,15,1614.8,0.71,0.287,8.15,16.51,2,0.2,VCSSGYVCRARTLAE,199.5,73.0,185.0,157.375,172.0
pepmlm_L25_0003,PepMLM,0.58,0.69,0.82,9.700604651162791,59.75558375634517,0,0,0.0,0.43,-24.496661582982657,1397.1671873812782,0.5769219429139238,50,2,-0.0175330925348289,-7.12997,-10.3461,-1.50535,-0.582295,31.0,0.1333333333333333,17.0,25,2845.3,5.85,-0.72,11.94,83.07,1,0.4,RSREVMKNRRTRLDLACLAAAAKKS,107.0,171.0,186.0,179.25,253.0
random_0040,random_control,0.68,0.8,0.78,6.564961240310079,69.19114754098361,0,0,0.0,0.15,-22.604159165915547,1182.5863948296983,0.5866475632235549,50,8,-0.0191141715013309,-4.23567,-12.9247,-6.21175,-2.39311,29.0,0.2,19.0,15,1738.8,-2.0,-1.413,3.96,59.31,0,0.4,SNVETELDGKRTFQD,32.0,195.0,230.0,157.25,172.0
pepmlm_L15_0001,PepMLM,0.53,0.71,0.64,9.034069767441862,62.52285714285715,1,0,0.0,0.15,-20.300728155789983,1329.6178101825874,0.5836277198744373,47,6,-0.0152680928311288,-11.3914,-11.9174,-1.6818,0.0747407,29.0,0.1333333333333333,19.0,15,1531.8,0.71,0.653,8.15,31.07,2,0.2,GCEGVLQARLAALCK,152.5,213.0,97.0,178.875,253.0
pepmlm_L25_0014,PepMLM,0.54,0.76,0.66,9.118906976744189,55.94926553672317,0,0,0.0,0.15,-30.884468060066325,1632.4278354913968,0.5824925331622008,63,9,-0.018919346625065,-4.76767,-14.3784,-4.52065,-1.59001,45.0,0.3,28.0,25,2633.0,0.43,0.308,7.7,27.49,4,0.12,GCRGVMMNNLSSLDTCCCARLQLGS,144.0,101.0,216.0,125.875,42.5
bindcraft_bmpr1a_l25_s769238,BindCraft,0.41,0.69,0.49,11.296302325581395,72.21884615384614,2,0,0.0,0.06,-24.46369066320068,1351.5430861532368,0.6808104633182467,43,19,-0.0181005629149635,-13.333,-10.6931,-4.2802,-4.78973,31.0,0.2,19.0,25,3336.9,4.99,-1.488,11.46,98.69,0,0.52,DWEEWLNSSRRFRRLKKMLEKLKRM,240.0,172.0,55.0,159.75,172.0
random_0030,random_control,0.65,0.77,0.75,8.772480620155038,72.8063779527559,20,1,0.0,0.15,-23.69640722794631,898.0058758938544,0.7504158698615483,37,5,-0.0263878086592244,-3.2169,-7.3857,-2.23706,-1.95696,23.0,0.1,13.0,15,1805.9,-1.01,-1.353,3.97,39.15,0,0.2,PAMGYRNDQEIQWPT,46.0,179.0,241.0,185.625,276.5
scrambled_RFpeptides_0004,scrambled_control,0.53,0.75,0.65,9.316652823920268,67.81486486486486,0,0,0.0,0.14,-27.94747796349742,1282.7759190437496,0.6434068870060051,56,12,-0.0217867185909842,-7.29573,-13.3527,-3.98734,-0.555523,31.0,0.1,21.0,14,1563.6,-1.01,-0.921,4.55,41.92,0,0.357,KGFELGGIKPEYPE,152.5,135.0,181.0,186.25,276.5
random_0042,random_control,0.41,0.7,0.58,11.58258139534884,50.717935779816514,0,0,0.0,0.23,-30.92758335461627,1915.7748410391396,0.5100490017002565,55,19,-0.0161436420878357,-9.56366,-13.593,-7.76447,-2.11402,42.0,0.1666666666666666,24.0,25,3081.5,-0.11,-0.292,7.08,33.39,1,0.28,SFSRYADAKHFVYTQELILECIQYR,240.0,100.0,130.0,172.0,218.0
random_0012,random_control,0.36,0.7,0.55,12.89079069767442,50.639449541284414,14,0,0.0,0.23,-32.675970928535634,1736.635573064673,0.5209265798661612,66,21,-0.0188156752259034,-10.7143,-13.6907,-2.58241,-1.6992,40.0,0.2333333333333333,26.0,25,3054.5,2.03,-0.82,10.6,68.08,0,0.28,VGDRNWLQKRLHPSEIPWNWLLAPK,270.5,89.0,110.0,148.625,125.0
pepmlm_L25_0012,PepMLM,0.62,0.75,0.76,7.054558139534884,58.109625668449205,0,0,0.0,0.23,-28.065390331643695,2298.077966011096,0.5076154457328077,75,24,-0.0122125492462548,0.724253,-19.2626,-1.77541,-1.97259,48.0,0.3,28.0,25,2702.2,4.71,-0.216,10.83,35.79,2,0.28,GCERKLKANLRSLLTCAAARQALSK,70.5,134.0,273.0,130.0,42.5
pepmlm_L15_0019,PepMLM,0.72,0.76,0.8,5.735,64.54964912280703,0,0,0.0,0.16,-17.852837808948607,1697.3813340729744,0.6474626840509926,64,18,-0.0105178709407093,-4.76677,-18.8033,-5.38479,0.235378,40.0,0.3,29.0,15,1673.9,-2.43,0.52,3.96,87.37,3,0.267,GVEEEYVARLSCCCL,17.0,238.0,217.0,128.625,42.5
rfpep_d0_n3,RFpeptides,0.51,0.75,0.63,9.943189368770764,62.8894495412844,1,0,0.0,0.14,-22.92003229151959,1416.3683146703202,0.7041627295744022,51,13,-0.016182254328991,-10.0656,-15.0329,-3.24338,0.000878887,29.0,0.2,20.0,14,1539.5,-4.01,-0.964,2.96,46.14,0,0.286,PEGSEYEPIYGELG,168.0,191.0,121.0,163.0,172.0
rfdiff_d7_n5,RFdiffusion,0.54,0.77,0.68,7.51061811505508,76.07295081967214,2,0,0.0,0.18,-26.91247347730288,1485.0272093100325,0.5825506929665688,67,11,-0.0181225457072984,-6.87813,-11.8931,-1.23229,-1.93391,41.0,0.2333333333333333,25.0,19,1741.0,-2.0,1.5,3.13,9.47,0,0.105,SAAAAAELAALLATLEALA,144.0,145.0,189.0,150.75,125.0
random_0039,random_control,0.51,0.75,0.68,9.770976744186044,48.635265486725665,0,0,0.0,0.23,-24.200390494079343,1389.4394357158271,0.6253238617898452,48,7,-0.0174173770169489,-9.33192,-14.0868,-4.46346,-1.9294,34.0,0.1666666666666666,20.0,25,3168.7,5.07,-0.444,12.03,63.08,0,0.28,IRYLRIVILSHNWRRLPTTQGHYFK,168.0,176.0,138.0,175.0,218.0
random_0046,random_control,0.53,0.72,0.68,10.093976744186048,52.9169109947644,10,0,0.0,0.23,-37.12771140067578,2047.4151363179776,0.680160074254442,72,16,-0.0181339439872684,2.23836,-20.9872,-4.4067,-1.06706,41.0,0.3,30.0,25,2788.2,2.75,-1.164,9.81,52.9,2,0.24,TPVSKCHLNCMKENQPRPMGSSNTK,152.5,54.0,276.0,131.25,42.5
scrambled_PepMLM_0006,scrambled_control,0.38,0.7,0.52,12.850581395348836,50.84633027522936,2,0,0.0,0.15,-43.33427893537731,1732.2997252956231,0.6116198997667849,66,13,-0.0250154625683971,-6.65642,-18.3218,-2.64221,-0.160675,41.0,0.2666666666666666,25.0,15,1605.0,1.57,1.307,8.45,66.71,3,0.133,SCSRILVCVGCVLRP,262.0,27.0,193.0,140.75,81.0
bindcraft_bmpr1a_l30_s359896,BindCraft,0.5,0.7,0.54,8.48656976744186,76.51921933085501,18,1,0.0,0.0,-25.291637416539317,1772.7649202644695,0.5843145125802974,62,16,-0.0142667745325004,-9.31606,-15.2075,-6.07441,-3.25458,41.0,0.3,31.0,30,3899.7,0.99,-0.22,9.59,50.65,0,0.3,DIEELMWWMQWGKYSKIGMRRFMKILMEMM,177.5,166.0,139.0,131.25,42.5
scrambled_RFdiffusion_0010,scrambled_control,0.45,0.73,0.6,11.095593635250918,63.18461077844312,0,0,0.0,0.18,-25.13411018762332,1483.9098340088676,0.7313525479402547,53,10,-0.0169377610496198,-11.3258,-13.7698,-5.36905,-3.05782,36.0,0.2666666666666666,24.0,19,2376.7,-5.0,-0.774,3.96,76.75,0,0.579,LEEDLKRILEKELEFEETL,216.0,167.0,101.0,141.25,81.0
random_0037,random_control,0.45,0.74,0.62,11.776279069767442,52.254000000000005,0,0,0.0,0.23,-29.14419968172427,2190.2176887064543,0.6150874656928949,70,28,-0.0133065310503162,-8.68836,-19.1269,-10.3874,-2.33223,48.0,0.1333333333333333,29.0,25,2909.3,-1.93,0.124,4.83,89.05,0,0.16,LPFYDLVPMFTDQTNANLGHMSHIF,216.0,118.0,152.0,184.75,253.0
random_0043,random_control,0.52,0.75,0.64,8.385038759689923,60.61907692307692,0,0,0.0,0.15,-20.054987127540244,1433.5982360740834,0.5626470999883095,55,16,-0.0139892660460164,-10.8057,-12.0111,-3.93916,-1.24136,34.0,0.2666666666666666,23.0,15,1818.0,-1.01,0.527,3.29,63.18,0,0.067,ESYVATWIFLQAYNI,160.0,216.0,109.0,141.5,81.0
pepmlm_L15_0005,PepMLM,0.58,0.76,0.69,8.816124031007751,63.21864864864864,7,0,0.0,0.15,-27.651791268722263,1699.4990312601367,0.5743385984482168,65,26,-0.0162705542987095,-2.49168,-13.8822,-2.53869,-0.182896,38.0,0.2,29.0,15,1620.0,2.71,1.08,9.93,32.97,2,0.2,KVVSTLVARSLLCCK,107.0,138.0,250.0,166.75,172.0
random_0048,random_control,0.55,0.71,0.68,9.818512851897186,52.426518987341765,6,1,0.0,0.18,-28.888152947404635,2187.3541463952542,0.6132051994945389,72,30,-0.0132068933579009,-4.0552,-19.7818,-6.20472,-2.45916,52.0,0.2,28.0,19,2263.4,2.71,-1.632,9.61,20.96,2,0.263,GRNRCNYQKCDPNTGAFYR,136.5,121.0,232.0,165.375,172.0
random_0036,random_control,0.4,0.71,0.53,11.257059800664452,53.80720930232558,2,0,0.0,0.14,-28.29240443303334,1488.6022952077035,0.5793846227119156,58,18,-0.0190060196226459,-10.5276,-12.343,-1.55501,-1.12239,36.0,0.1666666666666666,23.0,14,1852.2,-2.01,0.079,3.55,16.98,0,0.286,MDMEVPLKYFMDWF,250.0,132.0,113.0,178.25,218.0
rfdiff_d6_n6,RFdiffusion,0.32,0.69,0.48,12.27218482252142,64.20832335329341,0,0,0.0,0.18,-26.777798703051214,1429.92583061732,0.5469316687998966,50,3,-0.0187267046511712,-12.9021,-11.0225,-8.33811,-4.47902,33.0,0.3,24.0,19,2374.8,-0.0,-0.705,7.24,66.76,0,0.526,SELLKFIEETEKLRLERLK,283.0,149.0,59.0,133.375,42.5
pepmlm_L25_0008,PepMLM,0.54,0.73,0.69,8.49546511627907,65.86747474747474,0,0,0.0,0.23,-12.473136334071796,1699.226054008105,0.5769885866374312,69,11,-0.0073404808645973,-12.0762,-14.6505,-3.48461,-0.330019,43.0,0.2333333333333333,28.0,25,2843.2,1.99,-0.868,10.59,56.7,0,0.32,DTRGVMQENRRSLDTLAALQQALKK,144.0,273.0,79.0,155.25,125.0
pepmlm_L20_0008,PepMLM,0.38,0.71,0.54,12.995377906976744,47.3318954248366,0,0,0.0,0.19,-36.72292142331643,1750.365713710224,0.4693345374325909,59,24,-0.0209801421129732,-7.52239,-15.5955,-7.3185,-3.18421,40.0,0.2,26.0,20,2216.7,1.71,0.78,9.07,56.73,2,0.2,GCVKVLTLLTDTLCLRRALQ,262.0,57.0,177.0,167.0,172.0
rfdiff_d2_n0,RFdiffusion,0.55,0.76,0.69,7.68047735618115,71.58302325581394,1,0,0.0,0.18,-20.330402986941436,1298.9524760662928,0.6376742654775133,60,9,-0.0156513832195842,-8.7986,-10.7345,-2.27301,-1.83263,29.0,0.1333333333333333,20.0,19,1839.0,-0.0,0.658,6.97,33.13,0,0.105,SAAEALQAAVQALLAARNA,136.5,212.0,150.0,187.875,253.0
random_0009,random_control,0.57,0.76,0.7,8.791921664626683,57.1723076923077,1,0,0.0,0.18,-30.296139873578227,2478.981094755703,0.650254451174091,85,24,-0.0122212065020059,0.384759,-26.1147,-3.6512,0.082868,56.0,0.4333333333333333,40.0,19,2259.7,-1.15,0.116,3.69,83.58,1,0.158,AFQFDSKMYPDMVPMSVCY,120.0,107.0,271.0,125.375,3.5
pepmlm_L25_0031,PepMLM,0.62,0.74,0.75,8.225046511627909,64.90645502645502,0,0,0.0,0.21,-18.17932582147546,1372.1065786712902,0.5980755261213698,59,8,-0.0132492082641858,-5.8146,-12.9914,-7.8403,-4.34198,38.0,0.2333333333333333,22.0,25,2729.2,2.85,-0.112,10.6,30.24,1,0.2,RCREVMQNKLTSPLTALLAQLAKSG,70.5,236.0,202.0,158.375,125.0
rfpep_d0_n1,RFpeptides,0.49,0.77,0.62,10.686794019933556,59.38116071428572,7,0,0.0,0.14,-25.64404393361781,1744.2203861428957,0.5915708598615826,61,24,-0.0147022957289967,-8.16924,-14.4455,-5.04995,-1.00554,37.0,0.2,28.0,14,1579.6,-1.01,-1.214,4.55,19.57,0,0.357,PEGKEYEPIYGKLG,184.5,163.0,157.0,169.125,172.0
pepmlm_L15_0029,PepMLM,0.42,0.71,0.55,11.780891472868218,49.495625,0,0,0.0,0.15,-51.1676400154122,2169.7681002538948,0.6764483157771725,78,9,-0.023582077738826,-1.40848,-22.3687,-4.23956,0.0850382,49.0,0.2,32.0,15,1633.0,-0.29,0.927,6.21,51.47,2,0.267,RVVETVEARLAACCL,233.5,12.0,260.0,169.375,172.0
pepmlm_L20_0007,PepMLM,0.43,0.73,0.58,11.257587209302326,48.755534591194966,0,0,0.0,0.19,-29.974093069617822,1431.6807087595782,0.5674728603575638,58,13,-0.020936297378476,-7.62769,-14.003,-0.450996,-0.770023,35.0,0.2333333333333333,21.0,20,2297.9,2.71,0.395,9.81,35.61,2,0.35,KCVEVKRADSLPLLCRLLLK,228.0,109.0,172.0,158.5,125.0
pepmlm_L15_0000,PepMLM,0.64,0.79,0.75,7.036821705426356,68.59601941747574,0,0,0.0,0.15,-24.845471403718747,1904.806835196738,0.6924575192069036,70,13,-0.013043564809107,22.4284,-21.7264,-2.60853,-1.25968,46.0,0.2666666666666666,31.0,15,1501.9,0.71,1.84,8.15,26.93,2,0.067,KVVGTVVALLSCCPL,53.5,168.0,289.0,147.875,81.0
bindcraft_bmpr1a_l11_s859815,BindCraft,0.71,0.82,0.79,4.749260042283297,75.25440860215055,0,0,0.0,0.12,-19.248641662088488,1203.5489316709095,0.6823264774696246,52,9,-0.0159932356346868,-0.951167,-13.6646,-5.03337,-3.9874,31.0,0.3333333333333333,25.0,11,1338.5,-2.01,-1.564,3.96,30.98,0,0.545,DPEYDKALKEM,20.0,222.0,266.0,132.0,20.0
pepmlm_L25_0025,PepMLM,0.54,0.72,0.69,9.630511627906976,55.821709844559585,1,0,0.0,0.23,-28.449516994317747,1821.2882305766032,0.6430969013652369,69,17,-0.0156205462247515,-3.58893,-16.5566,-6.6179,-1.0508,43.0,0.2,26.0,25,2791.1,-0.29,-0.624,6.24,119.38,2,0.24,RSEEVLQNRSSRLPDCCAAQLQLSS,144.0,128.0,239.0,170.75,172.0
random_0008,random_control,0.38,0.7,0.54,12.068081395348836,49.09389534883721,1,0,0.0,0.19,-23.531825879783725,1768.8880630606184,0.5888398545773215,61,19,-0.0133031741076186,-12.4338,-16.0838,-5.02788,-2.54045,42.0,0.2333333333333333,25.0,20,2476.9,-1.29,-0.285,4.26,105.85,2,0.15,WPIQCMSPPFSCFTWMERET,262.0,181.0,69.0,159.25,125.0
rfdiff_d1_n6,RFdiffusion,0.51,0.78,0.66,8.311995104039168,72.13445255474454,0,0,0.0,0.18,-21.238857455971072,963.9841154569192,0.7083092902630992,41,6,-0.0220323728528494,-9.11978,-10.1564,1.9984e-15,-0.260196,23.0,0.2,17.0,19,1947.4,-1.0,2.142,3.29,9.47,0,0.053,GPLLLLLATLALLLAETVL,168.0,203.0,143.0,171.5,172.0
scrambled_RFdiffusion_0006,scrambled_control,0.54,0.74,0.64,7.805538555691554,67.88153846153845,0,0,0.0,0.12,-18.284672653245508,1517.0788545726762,0.5431932455044429,62,12,-0.0120525525737393,-9.40443,-13.199,-4.35947,-2.06096,35.0,0.1333333333333333,23.0,19,2226.6,-2.0,0.311,4.26,74.2,0,0.316,LSSKEEELLRLLEQLSLLL,144.0,233.0,136.0,191.5,253.0
pepmlm_L20_0004,PepMLM,0.4,0.71,0.56,11.526744186046512,57.07642857142857,0,0,0.0,0.2,-27.353815005071738,1667.013745370051,0.561395604412128,58,22,-0.0164088719010529,-9.55727,-18.2508,-0.742217,-0.393228,40.0,0.2333333333333333,25.0,20,2047.4,-2.43,1.34,2.93,34.62,3,0.1,GCVEVLCLDSTPGCLLLIAQ,250.0,141.0,131.0,161.75,125.0
pepmlm_L20_0022,PepMLM,0.58,0.74,0.8,8.066017441860465,54.12712418300654,0,0,0.0,0.37,-19.196213404733044,1733.118517425375,0.6113593120633409,59,12,-0.0110761111901625,-6.2025,-13.9997,-1.39531,-2.34616,34.0,0.2,19.0,20,2232.7,3.57,-0.38,9.73,56.73,3,0.4,GCVKKRRAEDTPLCCLALKK,107.0,223.0,199.0,175.25,172.0
pepmlm_L25_0010,PepMLM,0.58,0.74,0.73,7.892069767441859,58.2314973262032,1,0,0.0,0.23,-27.33242991722231,1738.0778821304457,0.5924636467683686,74,20,-0.0157256646541751,4.18306,-15.7308,-7.499,-1.39338,46.0,0.2333333333333333,27.0,25,2753.3,5.42,-0.776,10.09,84.99,4,0.4,RCCEKMKNKSRRLPDACCAAAAAKK,107.0,142.0,281.0,163.75,125.0
pepmlm_L20_0010,PepMLM,0.62,0.79,0.75,6.493779069767442,58.57743589743591,0,0,0.0,0.19,-17.837177385285614,1494.2329057860725,0.668089603170714,64,13,-0.0119373474618416,-4.75163,-13.7961,-3.30474,-1.62791,37.0,0.2666666666666666,25.0,20,2273.9,4.57,0.99,10.6,38.31,3,0.25,RCVKLRRLLSTLLCCALIAK,70.5,239.0,218.0,152.125,81.0
rfdiff_d3_n0,RFdiffusion,0.34,0.69,0.5,11.401835985312117,61.01673333333335,2,0,0.0,0.18,-22.876721087346084,1683.925163577873,0.6106983623339296,60,22,-0.0135853549683522,-13.4977,-14.1143,-3.07086,-0.776599,39.0,0.1666666666666666,23.0,19,2124.5,-0.0,0.242,7.15,42.44,0,0.316,PPFEEVLAAARKLLELLSK,279.0,192.0,52.0,185.25,218.0
pepmlm_L25_0021,PepMLM,0.41,0.67,0.58,13.390046511627906,52.88005076142131,8,0,0.0,0.23,-33.21439306750113,1810.74994031008,0.6097978977833137,60,26,-0.0183428933659461,-5.67018,-14.317,-0.2681,-4.05842,41.0,0.2333333333333333,30.0,25,2865.2,-0.29,-0.612,6.26,69.34,2,0.32,RTREVMQENRRSDLDLACCQLLAGS,240.0,83.0,204.0,163.0,125.0
rfdiff_d2_n7,RFdiffusion,0.5,0.71,0.62,8.349479804161566,71.53707792207793,0,0,0.0,0.16,-16.686214191183097,1146.8913476039495,0.5559290857851151,42,4,-0.014549080194949,-11.3486,-8.77374,-0.384888,-1.39556,29.0,0.2,15.0,19,2193.6,-1.0,0.711,4.39,27.31,0,0.263,SLEDLLKLLVQLLLELRNA,177.5,253.0,99.0,175.375,172.0
random_0015,random_control,0.5,0.75,0.65,9.84718023255814,57.664658385093155,0,0,0.0,0.2,-26.014763928344593,1674.9096769622245,0.5652437142072866,62,11,-0.0155320398981319,-6.17216,-13.7497,-7.27854,-2.48642,36.0,0.2,31.0,20,2277.5,-0.0,-0.94,7.09,50.71,0,0.3,IPVNDPAKVERNKWPNEISA,177.5,156.0,200.0,176.375,172.0
bindcraft_bmpr1a_l14_s748574,BindCraft,0.47,0.74,0.6,8.989534883720932,63.54338345864662,0,0,0.0,0.15,-25.30903263837726,1298.0878244408168,0.6027454416954175,37,6,-0.0194971651084392,-7.59606,-9.37545,-3.75529,-0.918664,27.0,0.2,20.0,14,1901.2,1.0,-2.543,9.9,111.94,0,0.643,NPKLEEERKRWREM,199.5,165.0,174.0,177.625,172.0
pepmlm_L25_0001,PepMLM,0.5,0.73,0.66,10.073697674418606,57.50537234042553,2,0,0.0,0.23,-21.55563674525942,1403.3373218950417,0.570553602921686,58,12,-0.0153602675628629,-8.03756,-10.6368,-4.39657,-0.926226,30.0,0.1666666666666666,17.0,25,2715.2,3.99,-0.336,11.61,36.58,0,0.24,GTREKMMNRSTSLPLLLALAQAKGK,177.5,199.0,161.0,188.875,218.0
random_0049,random_control,0.48,0.73,0.6,9.001627906976744,59.909928571428566,0,0,0.0,0.15,-22.695255204153113,1501.7789880689384,0.6173934379466837,55,19,-0.0151122471312078,-8.6586,-13.9492,-6.06998,-1.52306,35.0,0.2,31.0,15,1974.1,-0.15,-1.413,6.06,21.95,1,0.267,FDINNPWCYFRNNRD,191.0,193.0,153.0,177.25,172.0
pepmlm_L15_0003,PepMLM,0.41,0.7,0.54,12.244186046511626,52.09227272727272,0,0,0.0,0.15,-43.21873819400069,2100.3870271548017,0.6600273700372589,73,19,-0.020576559288954,1.11012,-21.355,-2.31223,-0.935161,48.0,0.2666666666666666,32.0,15,1601.0,0.71,1.253,8.15,53.62,2,0.2,KVVETVVARLACPCL,240.0,29.0,274.0,156.0,81.0
pepmlm_L20_0014,PepMLM,0.67,0.77,0.78,6.865610465116279,66.35116129032258,10,0,0.0,0.19,-17.258890016142402,1706.2031201697268,0.4958979104695792,66,18,-0.0101153782994052,-1.42959,-16.9822,-5.56192,-1.60476,41.0,0.3333333333333333,31.0,20,2278.8,3.43,0.145,9.25,72.16,4,0.3,GCCKVRRLESLLLCCRRAAQ,36.0,246.0,259.0,140.25,20.0
rfdiff_d0_n3,RFdiffusion,0.65,0.78,0.77,5.44109547123623,71.79803797468354,0,0,0.0,0.18,-14.70698134247489,1326.033206422728,0.4551024445611884,42,5,-0.0110909600689037,-3.89472,-6.69706,-2.20646,-0.82144,27.0,0.2333333333333333,18.0,19,2239.7,0.99,1.053,9.88,73.94,0,0.158,SLLQLLELLLQLALYLARR,46.0,262.0,236.0,167.25,125.0
rfdiff_d7_n6,RFdiffusion,0.52,0.75,0.65,8.04485924112607,76.74297468354432,1,0,0.0,0.18,-17.494696519156975,1254.488157761729,0.4179730406648452,39,3,-0.0139456848682981,-9.29852,-9.01247,-0.453267,-1.52408,29.0,0.1333333333333333,16.0,19,2256.5,-7.0,-0.058,3.34,60.95,0,0.474,SLADLLELLEELERLLEEE,160.0,243.0,142.0,199.5,253.0
rfdiff_d5_n2,RFdiffusion,0.46,0.74,0.6,9.47873317013464,63.87299319727891,0,0,0.0,0.18,-20.76286805255307,1495.7572685977457,0.5883191167497888,61,11,-0.0138811747657546,-9.47538,-11.9806,-0.592302,-1.0475,40.0,0.1666666666666666,25.0,19,2082.4,0.03,0.311,7.72,20.99,0,0.368,DELYAAHKALVEKLKALVA,208.5,206.0,133.0,191.375,218.0
pepmlm_L15_0007,PepMLM,0.43,0.7,0.57,10.528023255813952,58.29570175438596,1,0,0.0,0.18,-26.148742319515065,1647.8713930131971,0.5729991382300683,49,7,-0.0158681936165546,-7.75456,-16.0101,-6.85603,-4.64231,36.0,0.2,25.0,15,1681.9,-3.43,0.507,3.79,52.8,3,0.333,GVEEEVELLSLCCCR,228.0,155.0,166.0,180.25,172.0
bindcraft_bmpr1a_l18_s238286,BindCraft,0.37,0.69,0.52,10.98872739018088,60.369932432432435,0,0,0.0,0.17,-30.673351384049937,1459.188362165089,0.5843183298734307,55,11,-0.0210208306065009,-7.45486,-13.3045,-4.36494,-6.23954,35.0,0.2,29.0,18,2122.2,1.85,-1.867,10.1,37.35,1,0.444,GDASDRRNQFRKGLRDQC,267.5,104.0,179.0,180.625,172.0
rfdiff_d7_n4,RFdiffusion,0.56,0.77,0.7,7.855324357405142,76.31161073825504,0,0,0.0,0.18,-15.303274988501869,1150.4466220753566,0.6541701415569927,49,5,-0.0133020295725632,-7.65986,-9.18181,-0.892825,-0.484884,29.0,0.1,17.0,19,2124.5,-2.0,0.511,4.26,27.83,0,0.316,SLAALLEALKKLQELLELE,127.5,260.0,171.0,208.75,276.5
pepmlm_L25_0017,PepMLM,0.56,0.72,0.72,8.999162790697675,52.22216494845361,0,0,0.0,0.26,-25.824805756153204,2375.0830794329772,0.6238285608937414,77,36,-0.0108732220694859,1.73206,-22.2197,-2.4784,-1.70301,54.0,0.2666666666666666,31.0,25,2871.4,3.42,-0.468,9.21,59.87,4,0.32,GTRRCMMERLTSLPDACCCRAQLKK,127.5,159.0,275.0,160.625,81.0
rfdiff_d0_n1,RFdiffusion,0.58,0.75,0.7,6.897429620563036,65.10646706586826,2,0,0.0,0.18,-17.826441412520495,1555.7393790949604,0.5834672571187612,58,11,-0.0114585011166143,-4.48927,-11.203,-0.474545,-1.23059,32.0,0.1666666666666666,23.0,19,2396.7,-4.0,-1.753,4.25,75.34,0,0.632,MEEQLKELEEALKKYEEEK,107.0,240.0,225.0,197.5,218.0
random_0005,random_control,0.59,0.77,0.7,8.327408637873754,57.34931623931623,0,0,0.0,0.14,-18.25673890022638,1210.2815043538926,0.5911508226248209,51,20,-0.0150847045373734,-3.25355,-10.1772,-0.710735,-0.337661,32.0,0.1333333333333333,20.0,14,1651.8,-2.01,0.4,3.75,54.43,0,0.286,YIGLVAVQDIEREF,92.0,235.0,240.0,205.0,253.0
random_0001,random_control,0.31,0.66,0.49,14.49113953488372,41.22252252252251,0,0,0.0,0.23,-31.648394884519377,2053.1123331465637,0.5581339816479562,67,22,-0.0154148384253362,-7.16136,-18.6229,-4.06033,-5.30319,54.0,0.2333333333333333,36.0,25,3171.7,1.7,-0.732,8.86,44.89,2,0.32,FDCGLYWLRERLPKTVSRDYCQMYK,284.0,97.0,183.0,172.25,125.0
scrambled_RFdiffusion_0002,scrambled_control,0.74,0.83,0.85,5.414718482252142,68.01514492753623,0,0,0.0,0.18,-13.736503752449837,2275.391889383974,0.6522466942703594,79,40,-0.006036983702253,16.3771,-23.1059,-5.25069,-0.892807,51.0,0.3333333333333333,34.0,19,1985.2,-1.0,0.363,4.26,60.95,0,0.158,LQLAEERAAAALSALQAQM,12.5,266.0,288.0,146.625,20.0
random_0021,random_control,0.44,0.71,0.59,12.25575275397797,45.47759259259259,4,0,0.0,0.19,-23.27704033265107,1164.1062514191274,0.6515156555712018,47,6,-0.0199956321034052,-7.71466,-8.91212,-8.88178e-16,-0.338156,28.0,0.1333333333333333,18.0,19,2327.6,0.71,-1.005,8.15,97.41,2,0.263,RNTWERTIYCTLRACSPQE,221.5,186.0,170.0,207.625,253.0
pepmlm_L20_0027,PepMLM,0.37,0.65,0.54,12.572936046511629,48.113398692810456,2,0,0.0,0.23,-35.268728937674915,1685.650091870166,0.5482821894886631,59,17,-0.0209229241037477,-3.7273,-15.4509,-7.60573,-1.30448,38.0,0.2,21.0,20,2197.6,2.85,-0.085,10.34,22.7,1,0.35,KVCELKRLESTPLARAAALK,267.5,72.0,238.0,187.375,172.0
scrambled_RFpeptides_0002,scrambled_control,0.46,0.75,0.59,10.675830564784054,54.261666666666656,0,0,0.0,0.14,-31.69556429282271,1719.0080113581728,0.5998573644298661,58,19,-0.0184382877120975,2.38223,-14.4924,-2.46797,-2.44421,33.0,0.2666666666666666,28.0,14,1600.6,-2.01,-1.05,3.96,20.69,0,0.286,GELYGYPYVEPEGK,208.5,96.0,277.0,165.625,81.0
pepmlm_L15_0020,PepMLM,0.57,0.76,0.69,8.37329457364341,57.82214285714286,0,0,0.0,0.17,-20.42266263051701,876.815174098785,0.4975913869697629,42,8,-0.0232918672415859,-2.32999,-6.64191,-8.88178e-16,-0.0986191,23.0,0.1666666666666666,16.0,15,1611.0,1.85,1.313,10.94,36.53,1,0.133,RTVGTVVLAPLCLLR,120.0,210.0,251.0,199.75,218.0
rfpep_d0_n0,RFpeptides,0.4,0.7,0.53,12.361212624584716,53.06348214285714,3,0,0.0,0.14,-33.10558458314449,1845.0904336248464,0.5465797105609498,63,26,-0.017942526815938,-2.25987,-17.038,-2.14619,-1.89367,42.0,0.2333333333333333,30.0,14,1579.6,-1.01,-1.214,4.55,19.57,0,0.357,PEGKEYEPIYGKLG,250.0,84.0,252.0,177.75,125.0
bindcraft_bmpr1a_l19_s490128,BindCraft,0.43,0.7,0.57,9.981640146878824,62.128983050847445,0,0,0.0,0.18,-25.886337867821027,1568.2348893416888,0.6120855642962518,54,16,-0.016506671318024,-5.8091,-13.4056,-1.77636e-15,-0.92593,37.0,0.3,27.0,19,2511.9,0.99,-1.379,9.69,13.73,0,0.474,PTEWFDDMKKWWKKIRDAM,228.0,157.0,203.0,157.625,42.5
rfdiff_d3_n7,RFdiffusion,0.43,0.7,0.56,9.934730722154224,67.15188811188811,3,0,0.0,0.14,-19.60499053338492,1456.1530329133795,0.525098281574505,56,10,-0.0134635509388463,-9.04365,-9.94721,-2.14076,-1.54005,32.0,0.2666666666666666,24.0,19,2023.3,-0.0,0.032,7.12,67.18,0,0.211,PPFEEQLAAARAQLAALRA,228.0,218.0,144.0,167.75,81.0
random_0047,random_control,0.45,0.76,0.59,10.468798449612404,55.12538461538461,0,0,0.0,0.15,-25.80322654377912,1918.6340161487,0.6270710559058639,66,25,-0.0134487486027034,-4.78249,-17.5485,-4.90187,-2.68062,41.0,0.2333333333333333,25.0,15,1874.1,-2.01,-0.373,3.55,32.14,0,0.267,QDQYGVLMEDMLLRY,216.0,160.0,215.0,179.0,125.0
rfpep_d0_n5,RFpeptides,0.47,0.74,0.59,10.741694352159469,61.27464285714285,2,0,0.0,0.14,-24.269970813606164,1807.504938837564,0.5992339240440293,63,29,-0.0134273330557063,-4.54004,-17.0935,-5.90036,-2.13054,36.0,0.3,33.0,14,1580.6,-3.01,-1.186,3.79,26.31,0,0.357,PEGKEYEPIYGELG,199.5,174.0,220.0,159.0,42.5
pepmlm_L15_0011,PepMLM,0.4,0.7,0.53,11.467364341085272,57.36174757281554,2,0,0.0,0.15,-26.825514936015168,1385.404040559744,0.5847459469132993,54,5,-0.0193629541640263,-6.38442,-14.3869,-3.27878,-0.623341,35.0,0.2,25.0,15,1522.8,-0.43,1.28,5.97,17.15,3,0.133,GCVEVVQAASLCLCK,250.0,147.0,197.0,191.5,172.0
random_0027,random_control,0.37,0.7,0.52,13.368206854345166,50.22935294117648,2,0,0.0,0.18,-33.601297270400764,1518.1834385496786,0.588598996629456,57,10,-0.0221325673941616,-2.84736,-12.0867,-4.52501,-0.926843,32.0,0.2,24.0,19,2427.6,0.74,-1.868,8.13,80.96,2,0.421,YDCFGYCDKRQSYRQKHTE,267.5,79.0,245.0,190.875,172.0
rfdiff_d5_n6,RFdiffusion,0.39,0.71,0.55,11.366003671970624,70.80209876543209,0,0,0.0,0.18,-20.682370482058474,1387.9211466499512,0.5991340147082308,48,4,-0.0149016898632749,-9.81917,-11.7388,-1.631,-0.485512,31.0,0.3,22.0,19,2299.7,0.03,-0.421,7.71,38.05,0,0.474,SSLYLEHLKKVEELKKLIE,256.5,208.0,127.0,158.5,42.5
rfdiff_d4_n5,RFdiffusion,0.58,0.76,0.71,7.75593635250918,66.67201219512195,1,0,0.0,0.18,-18.672114530732955,1815.541737892921,0.6114227526799351,57,18,-0.0102845966804395,-0.750674,-14.3259,-4.79021,-2.24023,36.0,0.3333333333333333,27.0,19,2335.8,1.0,-1.005,9.68,26.42,0,0.579,PREKLEKLLAELLKKRLEE,107.0,227.0,267.0,155.25,20.0
random_0035,random_control,0.55,0.74,0.66,9.618837209302326,64.03055118110237,7,0,0.0,0.15,-24.300262407339815,2329.3201973798355,0.6220294273802521,74,29,-0.010432340918468,7.5041,-26.3956,-8.30664,-0.280547,49.0,0.4666666666666667,38.0,15,1830.1,1.85,-0.853,9.65,77.67,1,0.133,IRRTTYGNNLPQMYC,136.5,173.0,285.0,149.0,1.5
random_0014,random_control,0.45,0.69,0.61,11.758976744186048,50.639523809523816,8,0,0.0,0.23,-32.66623164206365,2293.2204819922285,0.6338641844854596,68,16,-0.0142446973147932,27.1775,-24.4837,-6.65848,-0.729404,48.0,0.3333333333333333,32.0,25,3014.4,0.89,-0.848,8.86,5.58,1,0.32,RCWNFDLMQGHFVNTTKGKSLMERD,216.0,90.0,290.0,154.0,20.0
rfdiff_d3_n5,RFdiffusion,0.4,0.72,0.54,9.989290085679317,64.50220238095237,0,0,0.0,0.14,-21.7401736838045,1479.2032627926565,0.5305742663001698,53,6,-0.0146972185842534,-8.74222,-11.6279,-2.61337,-3.56044,35.0,0.2333333333333333,21.0,19,2385.7,-1.0,-1.421,4.95,44.14,0,0.579,KPFEERLKEAQELLEKLRE,250.0,197.0,151.0,180.75,125.0
rfdiff_d0_n5,RFdiffusion,0.63,0.77,0.75,6.646481028151775,67.08744680851065,0,0,0.0,0.18,-6.84435598001761,1194.0312168667265,0.5453892911769976,57,6,-0.0057321415749732,-2.19815,-9.58976,-1.8816,0.122411,36.0,0.1666666666666666,20.0,19,2028.3,-3.0,0.221,3.79,36.24,0,0.263,MAEQLAELAEQLAALAEAR,60.5,286.0,253.0,204.375,218.0
scrambled_RFdiffusion_0004,scrambled_control,0.49,0.74,0.63,8.692778457772338,62.000394736842104,0,0,0.0,0.18,-15.042668315591383,1096.0067541972269,0.4949485918455424,49,3,-0.013724977750351,-8.28554,-8.55004,-4.22101,-0.330668,29.0,0.1333333333333333,17.0,19,2167.6,-1.0,0.232,4.73,36.05,0,0.368,ELLQAKVLELKALLKLEES,184.5,261.0,156.0,213.625,253.0
random_0010,random_control,0.43,0.7,0.58,11.297751937984495,54.83379310344828,7,1,0.0,0.2,-24.741953289699936,1842.5978940134885,0.583271972394503,51,25,-0.0134277551114572,-5.32057,-19.8608,-1.25697,-3.66656,38.0,0.2333333333333333,28.0,15,1707.0,-2.29,0.68,3.75,114.95,2,0.267,ILIDQEERGLACMCL,228.0,169.0,208.0,182.5,125.0
rfdiff_d6_n3,RFdiffusion,0.56,0.78,0.69,7.336383108935129,75.85264516129033,3,0,0.0,0.18,-10.27129525736882,1126.202780913189,0.6009756420470627,43,4,-0.0091202893754535,-6.0485,-7.27954,-3.60771,-1.99671,28.0,0.1333333333333333,15.0,19,2198.8,1.03,1.126,9.9,39.97,0,0.211,SPLLLEILLTQLKKLLHLL,127.5,279.0,201.0,215.125,253.0
pepmlm_L15_0031,PepMLM,0.34,0.7,0.49,14.077403100775191,46.14693693693694,1,0,0.0,0.15,-36.07450711126599,1960.5838036933303,0.5917641536667546,69,10,-0.0183998802006367,-1.23746,-16.9609,-3.99355,-1.27586,45.0,0.2,27.0,15,1614.8,0.71,0.287,8.15,59.28,2,0.2,RTEGVYVLASSACCR,279.0,65.0,262.0,194.5,172.0
scrambled_RFdiffusion_0013,scrambled_control,0.58,0.77,0.7,12.937637698898408,67.46205298013246,10,0,0.0,0.18,-13.567677489264668,678.1118822201835,0.7002587010446506,36,5,-0.0200080220462192,-2.89869,-6.38563,-0.0511901,0.216024,19.0,0.0666666666666666,12.0,19,2137.7,-0.01,1.432,7.07,26.48,0,0.211,LLLLLAAKLKLELPSEFLL,107.0,268.0,244.0,226.5,287.0
rfdiff_d2_n4,RFdiffusion,0.4,0.71,0.56,10.298592411260708,67.14716129032259,0,0,0.0,0.18,-12.377714028004306,1202.46332911915,0.5452291832812652,46,3,-0.0102936311887959,-11.5833,-9.46089,-4.52308,-2.23528,28.0,0.1666666666666666,16.0,19,2208.6,-0.01,-0.353,7.17,39.86,0,0.421,SPLEKLKELVEELLKLKQA,250.0,274.0,91.0,208.25,218.0
rfdiff_d5_n0,RFdiffusion,0.44,0.72,0.59,11.206395348837209,71.72635036496351,1,0,0.0,0.18,-18.90895316686226,1199.0324849878818,0.6837767493338133,44,4,-0.01577017587397,-7.7175,-9.43281,-4.27505,-0.451691,26.0,0.2666666666666666,17.0,19,1939.2,1.03,0.911,9.75,40.07,0,0.211,SALYAAHKALVEALRAAIA,221.5,226.0,168.0,174.125,81.0
rfdiff_d6_n7,RFdiffusion,0.47,0.72,0.6,10.019522643818847,68.44889570552148,0,0,0.0,0.17,-18.598957445327073,1467.41908669289,0.553422175092965,52,14,-0.0126746051036063,-6.89394,-10.8868,-4.10366,-0.914908,32.0,0.1666666666666666,21.0,19,2317.8,-1.01,-0.195,4.85,1.74,0,0.474,SELLEYIKEVELLKKLKEL,199.5,231.0,188.0,209.125,218.0
random_0002,random_control,0.48,0.73,0.61,11.007906976744186,52.3231343283582,1,0,0.0,0.16,-21.70160287978885,1517.633830489716,0.6207906920228682,48,18,-0.0142996304140018,-3.79947,-13.8713,-2.99603,0.0948563,33.0,0.1333333333333333,26.0,15,1880.1,1.85,-0.86,9.91,1.88,1,0.267,DIWWAKWCGSTRKGW,191.0,198.0,237.0,219.75,253.0
random_0018,random_control,0.29,0.69,0.44,14.142713178294573,46.36984,0,0,0.0,0.13,-22.62434011593581,1379.7187042130515,0.6278667128965484,60,11,-0.0163977918447079,-9.00722,-14.6978,-6.26924,-3.65439,37.0,0.2,25.0,15,1817.1,-0.22,-1.253,7.09,116.36,2,0.4,NVNCPKHERDHYACM,288.5,194.0,145.0,199.875,172.0
rfdiff_d3_n3,RFdiffusion,0.33,0.71,0.5,11.970716034271726,62.77740506329114,0,0,0.0,0.18,-23.285411403005696,1267.215478761198,0.5968299370780384,40,0,-0.0183752580309143,-7.92522,-10.4825,-3.61347,-1.02091,31.0,0.2666666666666666,20.0,19,2235.6,0.03,-0.142,7.8,52.57,0,0.368,LPFEERLALAKKLHELLSQ,281.5,185.0,163.0,177.625,81.0
pepmlm_L25_0027,PepMLM,0.41,0.69,0.5,10.663162790697674,50.29058201058202,0,0,0.0,0.05,-22.991962380169554,1795.215470526798,0.6719492902414538,69,15,-0.0128073553050557,-5.5505,-14.9658,-0.735259,-1.67346,45.0,0.3,27.0,25,2800.4,1.28,0.128,7.99,-0.59,5,0.32,GCCEVMKENRTRLLDLCCCALLKGK,240.0,190.0,205.0,169.375,42.5
scrambled_PepMLM_0007,scrambled_control,0.59,0.81,0.71,7.699844961240309,60.167184466019414,0,0,0.0,0.15,-12.11338655706713,1165.990912244563,0.551709275176714,47,6,-0.0103889202135791,-0.208811,-9.758,-0.8734,-0.620958,30.0,0.2,20.0,15,1502.8,1.71,1.133,9.11,102.11,2,0.133,SSCCPVVVRRVAGAV,92.0,277.0,270.0,202.75,172.0
rfpep_d0_n7,RFpeptides,0.5,0.76,0.62,10.197259136212622,59.509732142857146,2,0,0.0,0.15,-16.08519733065171,1496.7409982203203,0.6251009553013331,55,16,-0.0107468141447168,-5.29219,-14.3914,-1.95074,-0.822418,30.0,0.2333333333333333,24.0,14,1580.6,-3.01,-1.186,3.79,26.31,0,0.357,PEGKEYEPIYGELG,177.5,256.0,210.0,192.125,125.0
scrambled_RFdiffusion_0005,scrambled_control,0.55,0.76,0.68,8.8390758873929,63.102797202797206,0,0,0.0,0.18,-15.768556384905274,1221.61738681752,0.5853913933132504,49,9,-0.0129079338220492,-2.61272,-9.48041,-0.498633,-0.289947,28.0,0.1333333333333333,18.0,19,2026.4,1.03,1.547,9.75,20.81,0,0.105,YLLKLSAAALLSSLILHSI,136.5,258.0,249.0,224.125,253.0
rfpep_d0_n2,RFpeptides,0.49,0.74,0.61,10.411337209302326,59.892857142857146,1,0,0.0,0.14,-18.484325619096495,1409.4741943117724,0.6772434430364821,52,12,-0.0131143412867676,-4.3734,-13.6663,-0.727253,0.32078,27.0,0.2,21.0,14,1573.5,-3.01,-0.807,3.03,27.66,0,0.214,PYGSEYEPIYGELG,184.5,232.0,227.0,203.875,172.0
pepmlm_L25_0028,PepMLM,0.62,0.78,0.77,7.129767441860465,62.74508670520231,0,0,0.0,0.23,16.723954310601812,2373.975749471286,0.6873404779941884,83,24,0.0070447030953565,12.0417,-24.9842,-4.66322,-2.19834,47.0,0.4666666666666667,35.0,25,2524.8,-1.15,0.228,4.39,41.43,1,0.2,GCREVMMERSSSLLDAALAAQAAGS,70.5,290.0,287.0,162.25,1.5
scrambled_RFdiffusion_0014,scrambled_control,0.56,0.75,0.69,6.5847001223990205,72.44044871794871,0,0,0.0,0.18,-9.798183855817244,1435.3555887053694,0.4902435821274895,58,18,-0.0068263111475079,-3.13653,-10.3353,-6.45881,-3.7769,38.0,0.1666666666666666,22.0,19,2228.4,-7.0,-0.163,3.44,71.08,0,0.474,LAEELEEELELERLALLSE,127.5,280.0,242.0,216.875,218.0
random_0031,random_control,0.46,0.74,0.59,10.973527131782948,51.827394957983195,4,0,0.0,0.15,-23.030682599180892,1442.0614384582498,0.6186685786356613,54,20,-0.0159706667032187,-2.19585,-13.463,-2.40275,-0.589899,31.0,0.0666666666666666,23.0,15,1720.9,-1.97,-0.427,3.96,17.92,0,0.2,PLMIMGDTETTHNNF,208.5,189.0,254.0,234.625,287.0
pepmlm_L20_0020,PepMLM,0.55,0.72,0.68,8.520029069767443,52.45391304347826,0,0,0.0,0.2,-17.445135689821186,1358.5321756941491,0.5161075775106994,54,16,-0.0128411648998357,0.684269,-12.1914,-1.51388,-1.48163,38.0,0.2666666666666666,22.0,20,2354.7,1.57,-1.13,8.43,37.55,3,0.5,KCEELRTREDTTLCCRAAKK,136.5,244.0,272.0,183.375,81.0
scrambled_PepMLM_0002,scrambled_control,0.58,0.73,0.71,8.83686046511628,62.911363636363646,5,0,0.0,0.19,-4.457906420819597,1075.8604108844374,0.5053135376861168,39,11,-0.0041435732514359,-1.10712,-8.53389,-0.96268,-0.205603,24.0,0.1333333333333333,15.0,15,1601.0,0.71,1.253,8.15,76.77,2,0.2,VLRVAPVLCTEAKVC,107.0,289.0,264.0,228.25,253.0
rfdiff_d5_n1,RFdiffusion,0.47,0.72,0.61,9.299724602203185,64.05067901234567,0,0,0.0,0.18,-13.522803758920332,1421.0679821397125,0.5629797029483115,52,4,-0.0095159442960349,-7.04513,-11.4959,-1.22386,-0.0413498,29.0,0.2,22.0,19,2300.6,-1.97,-0.384,4.74,32.38,0,0.474,DELYKEHLKLIEELSKLIS,199.5,269.0,187.0,206.875,172.0
scrambled_RFdiffusion_0016,scrambled_control,0.45,0.73,0.6,10.660128518971849,54.779568345323746,0,0,0.0,0.18,-20.275156793962324,1670.4075885211766,0.5086220729738061,60,20,-0.012137850027317,-4.49839,-14.1741,-1.67156,-0.405214,42.0,0.2333333333333333,28.0,19,1983.3,-0.01,0.679,7.07,35.42,0,0.211,EKEVLATSSALLLLPASLK,216.0,215.0,223.0,194.75,125.0
rfdiff_d3_n4,RFdiffusion,0.39,0.73,0.55,10.957864137086904,66.581768707483,0,0,0.0,0.18,-17.03946599663422,1167.1259425207395,0.5362587137491365,46,20,-0.0145995092524742,-8.91136,-10.7415,-2.38505,-0.316736,28.0,0.1333333333333333,16.0,19,2084.4,-2.0,0.205,4.26,69.73,0,0.316,LPFEEQLALAKKLAEELAA,256.5,250.0,148.0,226.875,253.0
scrambled_RFdiffusion_0007,scrambled_control,0.58,0.8,0.73,7.695654834761323,62.20372093023256,1,0,0.0,0.22,-12.219897243715875,1365.081232824049,0.4651563748811255,61,17,-0.0089517729420656,4.21699,-10.7649,-0.599465,-0.431275,35.0,0.2333333333333333,24.0,19,1837.1,-1.0,1.053,3.29,32.8,0,0.053,ALQAAAQTLPLVLSGELAA,107.0,275.0,282.0,197.25,125.0
pepmlm_L15_0030,PepMLM,0.5,0.72,0.62,9.402868217054264,62.28657657657657,5,0,0.0,0.15,-19.07472235340873,1119.101261140372,0.5337363854152952,44,15,-0.0170446795261149,-1.11318,-10.2093,-0.0701157,-0.138949,27.0,0.1666666666666666,18.0,15,1632.1,-0.43,1.8,5.97,22.17,3,0.133,RCISVVEALLLCCPL,177.5,224.0,263.0,220.625,218.0
pepmlm_L20_0025,PepMLM,0.38,0.65,0.54,13.45139534883721,49.18697368421053,10,0,0.0,0.21,-23.439023485062492,1302.0492409076726,0.5913804403774253,59,10,-0.0180016413731963,-4.51707,-10.5927,-2.85943,-0.938397,35.0,0.1333333333333333,19.0,20,2203.5,0.71,-0.76,8.15,59.23,2,0.45,KVEEKRCLDDTPGCLRAAAK,262.0,183.0,221.0,229.75,253.0
rfdiff_d5_n5,RFdiffusion,0.4,0.71,0.55,11.22484700122399,66.63916666666668,0,0,0.0,0.18,-17.7926152006591,1673.127036449332,0.6217663010870436,56,20,-0.0106343480280003,-7.49174,-14.3908,-4.56092,-0.514708,38.0,0.2333333333333333,26.0,19,2233.5,-2.97,-0.289,4.42,83.31,0,0.421,SSLYEEHLKLIEEMKAAIE,250.0,241.0,178.0,198.5,125.0
pepmlm_L25_0018,PepMLM,0.48,0.71,0.63,9.944,58.408989361702126,0,0,0.0,0.23,-20.295771020486782,1908.273082362256,0.6127920471715227,72,28,-0.0106356743214983,-1.0965,-17.6332,-6.32886,-0.618592,44.0,0.3,28.0,25,2736.0,0.57,-0.268,7.87,36.17,3,0.28,DCRGCCQERSTRDLLLALARQALSG,191.0,214.0,265.0,178.125,42.5
scrambled_PepMLM_0004,scrambled_control,0.34,0.7,0.52,13.893779069767442,51.07434210526315,0,0,0.0,0.23,-25.335196564946383,1393.9987631993215,0.5351170465295332,57,6,-0.0181744756407103,-4.32224,-10.4382,-0.325728,-0.775264,34.0,0.2,23.0,20,2201.5,-0.29,0.27,6.15,28.76,2,0.3,DGVRDGLLEPLCLIRLSTKC,279.0,164.0,228.0,210.75,172.0
rfdiff_d6_n2,RFdiffusion,0.51,0.7,0.66,8.654773561811504,66.9262048192771,0,0,0.0,0.22,-16.301833820569087,1378.187336813314,0.6005485816742261,43,9,-0.0118284600250809,-1.68922,-10.3137,-1.78734,-1.70385,30.0,0.2666666666666666,20.0,19,2353.7,-2.01,-0.711,4.48,45.29,0,0.526,DELLAYIEEVEKKKKLYLE,168.0,255.0,258.0,190.5,81.0
scrambled_RFpeptides_0000,scrambled_control,0.42,0.69,0.54,12.280440199335548,51.93571428571427,0,0,0.0,0.14,-20.537333832226395,1262.0949232034325,0.6522947938620381,48,15,-0.0162724161666848,-3.94663,-11.0496,-2.39764,-0.92672,29.0,0.0666666666666666,18.0,14,1580.6,-3.01,-1.186,3.79,65.6,0,0.357,PEIGGLYPYEGEEK,233.5,209.0,235.0,241.125,287.0
rfdiff_d4_n1,RFdiffusion,0.47,0.7,0.61,8.641585067319461,72.54375838926175,0,0,0.0,0.19,-17.013679544320027,1515.4901550462655,0.4989308418536765,54,9,-0.0112265193460135,-3.97699,-11.1699,-2.97111,-1.39965,38.0,0.2666666666666666,22.0,19,2119.5,-1.0,0.332,4.55,31.31,0,0.263,PEALKEALLAQLLLQRALE,199.5,251.0,234.0,191.375,81.0
rfdiff_d3_n2,RFdiffusion,0.35,0.7,0.51,11.712270501835986,62.32812903225807,0,0,0.0,0.18,-17.408817949378317,1031.9885581692467,0.4981402249275865,41,8,-0.0168691966704181,-7.82263,-8.91214,-4.95487,-0.618042,27.0,0.1333333333333333,16.0,19,2193.6,-0.97,0.679,5.3,74.2,0,0.211,LPFEERLLLATLQHLLLSS,274.5,245.0,165.0,234.375,253.0
pepmlm_L15_0004,PepMLM,0.49,0.75,0.61,10.716279069767442,59.8637,3,0,0.0,0.15,-19.041375988290497,1869.1689029011336,0.6608345445081768,72,23,-0.0101870815198864,3.38279,-19.655,-0.53708,-0.638611,44.0,0.2666666666666666,33.0,15,1461.8,0.71,1.907,8.16,80.76,2,0.067,GVISVLVARSAACCL,184.5,225.0,279.0,192.375,81.0
scrambled_PepMLM_0011,scrambled_control,0.45,0.66,0.68,10.825155038759693,50.0252427184466,4,0,0.0,0.38,-19.399961267739272,1279.3599451177083,0.5378341832834829,48,9,-0.0151638022917423,-1.76022,-13.716,-2.51983,-0.702114,33.0,0.2,21.0,15,1522.8,-0.43,1.28,5.97,28.83,3,0.133,VLGCVCQKALSCVAE,216.0,219.0,257.0,216.0,172.0
random_0041,random_control,0.39,0.69,0.46,11.753808139534884,55.08037735849058,0,0,0.0,0.02,-17.14762652910838,1311.9701267690664,0.5860725319843068,52,12,-0.0130701348904468,-6.69626,-11.861,-7.47305,-1.74692,36.0,0.2666666666666666,25.0,20,2315.7,-1.29,-0.12,3.97,52.74,2,0.15,RNAQCPTNIPDNIAMEMFFC,256.5,249.0,192.0,194.625,81.0
scrambled_RFpeptides_0001,scrambled_control,0.4,0.73,0.54,13.031644518272424,49.55232142857143,0,0,0.0,0.14,-20.75758104024939,1462.734064475176,0.6025411244454559,54,14,-0.0141909466282219,-3.05904,-12.26,-1.15071,-0.638041,30.0,0.0666666666666666,19.0,14,1580.6,-3.01,-1.186,3.79,32.38,0,0.357,ILEGEGPKYGEPEY,250.0,207.0,243.0,246.75,287.0
scrambled_RFpeptides_0007,scrambled_control,0.35,0.72,0.5,13.04439368770764,45.26669642857143,0,0,0.0,0.14,-18.610841910966087,1457.2959055356605,0.6425883982934603,55,13,-0.0127708050508282,-6.63416,-12.779,-5.22335,-0.991202,32.0,0.0666666666666666,21.0,14,1579.6,-1.01,-1.214,4.55,20.41,0,0.357,IGGPYEPLEGKEKY,274.5,230.0,194.0,246.375,287.0
rfdiff_d5_n3,RFdiffusion,0.3,0.72,0.46,12.798225214198288,66.79321428571428,0,0,0.0,0.14,-18.65909736166216,1518.7631360859457,0.5322799746993359,53,10,-0.0122857191607567,-7.13976,-10.4711,-3.03037,-0.264863,33.0,0.1333333333333333,24.0,19,2384.8,-0.97,-1.111,5.54,36.35,0,0.632,DELYKKHLEKVEELKKLIE,286.0,228.0,184.0,237.75,253.0
random_0044,random_control,0.4,0.64,0.61,12.885220318237456,51.64000000000001,0,0,0.0,0.32,-22.10274865080838,1241.799590828674,0.6455769144863938,47,11,-0.0177989659636293,-1.82513,-9.32023,-2.39522,-0.666638,30.0,0.1333333333333333,16.0,19,1919.0,-1.15,-0.742,3.69,41.31,1,0.158,QGDTNDTVTTVAPSCPNKA,250.0,196.0,256.0,238.75,253.0
scrambled_RFdiffusion_0003,scrambled_control,0.38,0.72,0.53,11.32594859241126,62.55785234899328,0,0,0.0,0.18,-12.682509496320309,1274.4891578114316,0.567838668222925,54,6,-0.0099510532659994,-7.7209,-11.7588,-7.65958,-1.95601,38.0,0.2666666666666666,23.0,19,2124.5,-2.0,0.511,4.26,17.69,0,0.316,LEASAKLLELKELQLLEAL,262.0,272.0,167.0,195.5,81.0
scrambled_PepMLM_0008,scrambled_control,0.52,0.73,0.64,8.865232558139535,56.24414414414414,1,0,0.0,0.15,-6.114894097413092,1126.504443621103,0.5629405092828333,45,10,-0.0054282023759773,-2.01577,-10.2025,-7.81644,-1.26036,24.0,0.2333333333333333,18.0,15,1616.0,2.71,1.033,10.12,68.43,2,0.2,VSCVCVSAVLRKRVP,160.0,288.0,255.0,207.0,125.0
pepmlm_L20_0023,PepMLM,0.51,0.72,0.66,9.172470930232556,54.49630573248407,3,0,0.0,0.22,-14.277877741238896,1603.1120985510097,0.5126012762105893,61,15,-0.0089063501885764,3.3821,-14.1688,-5.27673,-1.4144,38.0,0.2,28.0,20,2254.7,0.85,0.155,8.86,35.43,1,0.35,RVEEVRCADSLTPLLLLAKK,168.0,264.0,278.0,220.5,172.0
scrambled_RFpeptides_0006,scrambled_control,0.47,0.74,0.6,11.13546511627907,54.34035714285715,0,0,0.0,0.14,-18.26990338649796,1362.1247536694357,0.6983777032104986,55,14,-0.0134127974234963,6.63256,-12.5191,-2.33206,-1.53448,29.0,0.1,21.0,14,1573.5,-3.01,-0.807,3.03,22.71,0,0.214,EPYYGPGESGYELI,199.5,234.0,284.0,248.5,276.5
pepmlm_L25_0000,PepMLM,0.43,0.71,0.65,11.824255813953489,69.72747311827958,0,0,0.0,0.34,-13.461548664964,1114.705754138979,0.5439974811101691,36,6,-0.0120763247296251,-4.39041,-8.59121,-2.87248,-2.54445,28.0,0.3,23.0,25,2703.3,4.71,0.76,12.02,106.38,2,0.2,GCRRKCMARRSSLLLLALLAALLSS,228.0,270.0,226.0,191.625,42.5
pepmlm_L15_0008,PepMLM,0.41,0.73,0.54,10.44201550387597,49.461525423728816,0,0,0.0,0.15,-13.673903273851636,1207.556355016848,0.6350927853108098,53,13,-0.0113236150155997,-4.50731,-10.9343,-6.3745,-4.49733,32.0,0.1666666666666666,21.0,15,1719.0,-2.29,-0.16,4.26,102.75,2,0.4,KCEEEVEARSLLPCL,240.0,267.0,222.0,236.75,218.0
random_0038,random_control,0.33,0.69,0.49,14.057209302325582,47.85615853658536,0,0,0.0,0.19,-17.255127629003113,1297.590366818904,0.5644272633936284,53,14,-0.0132978234658945,-6.50503,-13.0294,-4.27845,-1.38029,33.0,0.1666666666666666,22.0,20,2350.6,-1.3,-0.13,3.97,59.41,2,0.15,DLETVTCMYFYPFGGYGRCQ,281.5,247.0,196.0,235.625,218.0
rfdiff_d2_n1,RFdiffusion,0.47,0.74,0.62,9.666370869033049,79.29503267973855,0,0,0.0,0.18,-9.432066895558506,594.3551216058497,0.600064339355845,25,2,-0.0158694130035838,-2.72088,-3.79152,-0.65324,-0.219756,13.0,0.0,10.0,19,2176.6,-2.0,1.116,3.13,45.79,0,0.105,SPLELLELLTQLLLLLQNL,199.5,281.0,248.0,254.625,290.0
scrambled_RFpeptides_0003,scrambled_control,0.39,0.69,0.52,12.77686877076412,53.80990825688073,8,0,0.0,0.14,-21.080191189588163,1381.369933068797,0.6083041933488825,56,21,-0.0152603518325878,-0.445651,-12.8848,-3.14319,-1.47441,32.0,0.2666666666666666,27.0,14,1539.5,-4.01,-0.964,2.96,85.66,0,0.286,ESYEYGPLGGIEPE,256.5,204.0,269.0,202.625,81.0
pepmlm_L15_0006,PepMLM,0.43,0.76,0.57,10.284651162790698,53.295130434782614,0,0,0.0,0.15,-12.8332691892752,1150.0253694070952,0.5702597955314271,44,15,-0.0111591183383123,-4.01887,-8.15287,-0.326367,0.149511,28.0,0.1333333333333333,15.0,15,1690.2,-1.43,2.18,4.26,45.81,3,0.2,KVIEVVELLLLCCCL,228.0,271.0,233.0,246.25,253.0
scrambled_RFdiffusion_0011,scrambled_control,0.46,0.75,0.61,9.159455324357406,67.24499999999999,0,0,0.0,0.18,-12.146667150230854,849.2254514333359,0.6002920577646531,33,6,-0.0143032302314179,-2.76437,-5.53047,-2.16931,-0.555182,17.0,0.1333333333333333,13.0,19,2193.6,-1.0,0.711,4.39,21.31,0,0.263,LLLLLEALLRVLKDSLENQ,208.5,276.0,247.0,246.125,253.0
scrambled_RFpeptides_0005,scrambled_control,0.29,0.71,0.44,14.332724252491694,46.99080357142857,22,0,0.0,0.14,-19.731619323283212,1532.465816884598,0.5922220256566074,49,16,-0.0128757321082673,-4.49336,-12.1747,-3.89057,-1.01174,32.0,0.2333333333333333,25.0,14,1579.6,-1.01,-1.214,4.55,41.23,0,0.357,KYKIGEYGPLPEEG,288.5,217.0,224.0,213.625,125.0
rfdiff_d6_n1,RFdiffusion,0.43,0.71,0.58,11.543941248470016,63.72198795180722,8,0,0.0,0.18,-13.932414168791269,1480.3720361010376,0.5632325458094926,56,20,-0.0094114275526887,-1.2926,-11.1885,-2.24834,-0.267591,32.0,0.1,19.0,19,2358.7,-3.0,-0.174,4.16,100.18,0,0.474,DELLAFIEETELERLRRLL,228.0,265.0,261.0,257.625,276.5
random_0034,random_control,0.35,0.72,0.54,13.385697674418603,48.20848888888889,0,0,0.0,0.23,-8.378595463579728,1379.5505398003677,0.6144146795927538,56,6,-0.0060734240767954,-5.29653,-10.1673,-1.73122,-1.15406,39.0,0.2,27.0,25,3219.6,-1.26,-1.02,5.27,65.02,2,0.32,DDYYTPRWVCRWHMYSTFCREMDTG,274.5,283.0,209.0,234.625,172.0
rfdiff_d3_n1,RFdiffusion,0.38,0.74,0.54,11.212301101591189,68.07838926174497,0,0,0.0,0.18,-7.3266367294906445,709.3017459543444,0.6450685035064202,34,7,-0.0103293651415348,-4.12357,-6.28,-0.0117135,-0.18869,19.0,0.1,9.0,19,2110.5,-1.0,0.963,4.26,69.73,0,0.158,LPFEEQLLLAKLQALLLSA,262.0,284.0,231.0,263.375,276.5
rfpep_d0_n6,RFpeptides,0.36,0.73,0.5,13.62159468438538,49.94298245614034,0,0,0.0,0.14,-19.290663947350023,1692.4116292617132,0.5474493741371137,59,27,-0.0113983286416941,6.06067,-15.6743,-2.59245,-2.02457,39.0,0.2333333333333333,27.0,14,1600.6,-2.01,-1.05,3.96,16.21,0,0.286,PYGKEYEPVYGELG,270.5,221.0,283.0,224.875,125.0
scrambled_RFdiffusion_0000,scrambled_control,0.24,0.67,0.42,16.03604651162791,59.62017964071856,0,0,0.0,0.18,-7.237324991917433,1253.354415150691,0.5348293967432035,49,13,-0.0057743643014552,-5.23907,-8.54956,-4.30059,-2.27193,30.0,0.1666666666666666,22.0,19,2396.7,-4.0,-1.753,4.25,71.08,0,0.632,LEMEKKYQEEEEKKALELE,290.0,285.0,211.0,251.0,218.0
scrambled_RFdiffusion_0008,scrambled_control,0.35,0.69,0.51,13.292105263157891,53.65226415094339,0,0,0.0,0.18,-8.612982541730588,1275.210839821603,0.56191580150492,58,8,-0.0067541635255668,-2.8107,-9.68451,-0.788059,-0.0282485,30.0,0.1333333333333333,18.0,19,2261.7,-1.0,0.242,4.73,23.86,0,0.368,LLLLAEEKLELERQLKPLL,274.5,282.0,246.0,263.875,253.0
random_0006,random_control,0.3,0.68,0.47,15.54467564259486,41.37408536585366,0,0,0.0,0.18,-15.606426052442828,1126.7759780676192,0.5490737916186252,50,13,-0.0138505136391062,-0.447512,-12.0262,-0.53005,-0.598457,31.0,0.2,19.0,19,2326.7,2.03,-0.626,10.21,104.94,0,0.263,LTKQSSIRVFPHYTFDKQM,286.0,259.0,268.0,246.25,172.0
rfpep_d0_n4,RFpeptides,0.38,0.71,0.52,12.807308970099667,52.95288288288288,27,0,0.0,0.15,-6.813957992995373,1533.792065433623,0.5978493410603126,56,24,-0.0044425565541499,3.61641,-14.4637,-1.97231,-0.191771,38.0,0.2666666666666666,31.0,14,1563.6,-1.01,-0.921,4.55,24.96,0,0.357,PEGKEFEPIYGKLG,262.0,287.0,280.0,227.5,81.0
